ID,Revenue,Estimated Viewers per hour,Ad Title,Transaction Date,Category ID,LGA,Agency ID,Bank,Account Name,Product Name
100001,61834,28,,1/27/2018,1,AGEGE,1,Access,Lasaa Billboard,
100002,68442,6,,2/4/2018,2,AJEROMI- IFELODUN,2,Zenith,Mobile,
100003,59786,5,,3/13/2017,3,AMUWO ODOFIN,3,Eco,Lasaa Revenue,
100004,54806,16,,4/10/2018,4,SURULERE,4,Access,Lasaa Revenue,
100005,73890,21,,5/3/2017,5,"	IKEJA",5,Zenith,Lasaa Billboard,
100006,59762,16,,6/19/2018,6,LAGOS MAINLAND,6,Eco,Lasaa Billboard,
100007,53853,30,,7/28/2018,7,ETI-OSA,7,Access,Lasaa Billboard,
100008,24593,8,,8/7/2016,8,IKOYI / OBALENDE,8,Eco,Lasaa Billboard,
100009,68862,18,,9/18/2017,9,APAPA,9,Access,Lasaa Billboard,
100010,55642,17,,10/11/2018,3,IKORODU,10,Eco,Lasaa Billboard,
100011,45633,9,,11/16/2016,4,MUSHIN,11,Access,Mobile,
100012,624910,26,,12/8/2018,5,OJO,12,Zenith,Lasaa Revenue,
100013,51637,21,,1/17/2016,10,BADAGRY,13,Eco,Lasaa Revenue,
100014,51740,7,,2/5/2017,8,IBEJU LEKKI,14,Access,Lasaa Billboard,
100015,30976,18,,3/13/2016,9,SHOMOLU,15,Eco,Lasaa Billboard,
100016,52182,26,,5/18/2018,10,LAGOS MAINLAND,16,Access,Lasaa Billboard,
100017,23937,12,,4/16/2018,11,ALIMOSHO,17,Access,Mobile,
100018,71511,1,,6/19/2016,12,KOSOFE,18,Zenith,Lasaa Revenue,
100019,31088,30,,7/28/2017,2,OSHODI / ISOLO,19,Eco,Lasaa Billboard,
100020,23822,17,,8/7/2016,5,LAGOS ISLAND,20,Access,Lasaa Billboard,
100021,64802,13,,9/18/2017,5,SHOMOLU,21,Zenith,Lasaa Billboard,
100022,60016,17,,10/11/2018,2,LAGOS MAINLAND,22,Eco,Mobile,
100023,326360,12,,11/16/2016,5,ALIMOSHO,23,Access,Lasaa Revenue,
100024,61629,16,,12/8/2016,7,"	IKEJA",24,Eco,Lasaa Revenue,
100025,68962,15,,1/27/2016,4,LAGOS MAINLAND,25,Access,Lasaa Billboard,
100026,64828,27,,5/27/2016,2,ETI-OSA,26,Zenith,Lasaa Billboard,
100027,38067,27,,2/8/2016,4,AGEGE,27,Eco,Lasaa Billboard,
100028,58296,17,,7/19/2016,6,AJEROMI- IFELODUN,28,Access,Lasaa Billboard,
100029,32709,19,,4/14/2018,2,AMUWO ODOFIN,29,Eco,Mobile,
100030,46180,30,,1/27/2018,5,SURULERE,30,Access,Lasaa Revenue,
100031,51473,14,,7/2/2018,6,IBEJU LEKKI,31,Access,Lasaa Revenue,
100032,45594,13,,3/1/2018,3,SHOMOLU,32,Zenith,Lasaa Billboard,
100033,25583,13,,7/15/2018,10,LAGOS ISLAND,33,Eco,Lasaa Billboard,
100034,30228,25,,1/14/2017,2,LAGOS ISLAND,34,Access,Lasaa Billboard,
100035,45581,15,,3/15/2018,5,LAGOS ISLAND,35,Zenith,Mobile,
100036,613900,25,,4/12/2018,4,SURULERE,36,Eco,Lasaa Revenue,
100037,56771,1,,4/7/2018,1,SURULERE,37,Access,Lasaa Revenue,
100038,76435,20,,2/9/2018,5,"	IKEJA",38,Eco,Lasaa Billboard,
100039,57426,4,,5/7/2017,2,"	IKEJA",39,Access,Lasaa Billboard,
100040,27508,6,,3/11/2018,6,APAPA,40,Eco,Lasaa Billboard,
100041,57692,26,,4/27/2018,2,AGEGE,41,Access,Mobile,
100042,59784,27,,4/16/2017,12,AJEROMI- IFELODUN,42,Zenith,Lasaa Revenue,
100043,66572,29,,5/8/2017,1,AMUWO ODOFIN,43,Eco,Lasaa Revenue,
100044,64930,26,,2/8/2017,9,SURULERE,44,Access,Lasaa Billboard,
100045,57520,15,,2/11/2017,5,"	IKEJA",45,Eco,Lasaa Billboard,
100046,53575,13,,2/17/2016,10,LAGOS MAINLAND,46,Access,Lasaa Billboard,
100047,50984,2,,2/26/2016,7,ETI-OSA,47,Access,Mobile,
100048,67059,5,,6/8/2016,10,IKOYI / OBALENDE,48,Zenith,Lasaa Revenue,
100049,52723,21,,1/8/2016,8,APAPA,49,Eco,Lasaa Revenue,
100050,54286,6,,8/25/2017,6,IKORODU,50,Access,Lasaa Billboard,
100051,61526,30,,4/4/2016,4,MUSHIN,51,Zenith,Lasaa Billboard,
100052,58526,2,,9/3/2016,2,OJO,52,Eco,Lasaa Billboard,
100053,53350,30,,10/17/2016,9,BADAGRY,53,Access,Mobile,
100054,62658,27,,3/2/2016,9,IBEJU LEKKI,54,Eco,Lasaa Revenue,
100055,62723,29,,11/14/2016,2,SHOMOLU,55,Access,Lasaa Revenue,
100056,67480,26,,11/7/2016,1,LAGOS MAINLAND,56,Eco,Lasaa Billboard,
100057,75255,1,,2/17/2016,3,ALIMOSHO,57,Access,Lasaa Billboard,
100058,52337,24,,12/10/2016,2,KOSOFE,58,Zenith,Lasaa Billboard,
100059,56113,18,,2/14/2018,7,OSHODI / ISOLO,59,Access,Mobile,
100060,24853,24,,5/26/2018,4,LAGOS ISLAND,60,Zenith,Lasaa Revenue,
100061,47708,19,,10/30/2018,5,SHOMOLU,61,Eco,Lasaa Revenue,
100062,64655,16,,10/15/2018,4,LAGOS MAINLAND,62,Access,Lasaa Billboard,
100063,71228,4,,3/9/2016,9,ALIMOSHO,63,Eco,Lasaa Billboard,
100064,61601,3,,3/31/2016,1,"	IKEJA",64,Access,Lasaa Billboard,
100065,66281,27,,6/3/2018,9,LAGOS MAINLAND,65,Eco,Mobile,
100066,73911,2,,3/10/2017,7,ETI-OSA,66,Access,Lasaa Revenue,
100067,513170,7,,1/8/2018,10,AGEGE,67,Zenith,Lasaa Revenue,
100068,51510,29,,9/5/2016,10,AJEROMI- IFELODUN,68,Eco,Lasaa Billboard,
100069,61006,18,,1/16/2016,9,AMUWO ODOFIN,69,Access,Lasaa Billboard,
100070,32537,22,,4/22/2016,4,LAGOS MAINLAND,70,Eco,Lasaa Billboard,
100071,60249,19,,9/1/2017,9,ETI-OSA,71,Access,Mobile,
100072,74544,20,,10/7/2018,8,IKOYI / OBALENDE,72,Access,Lasaa Revenue,
100073,75510,1,,3/8/2018,6,APAPA,73,Zenith,Lasaa Revenue,
100074,42650,5,,5/10/2018,7,IKORODU,74,Eco,Lasaa Billboard,
100075,58183,18,,4/6/2018,6,MUSHIN,75,Access,Lasaa Billboard,
100076,60466,15,,4/1/2018,5,OJO,76,Access,Lasaa Billboard,
100077,57010,12,,1/5/2018,4,BADAGRY,77,Zenith,Mobile,
100078,54542,7,,5/20/2018,6,IBEJU LEKKI,78,Eco,Lasaa Revenue,
100079,32689,27,,2/3/2018,2,SHOMOLU,79,Access,Lasaa Revenue,
100080,55606,2,,2/17/2018,6,APAPA,80,Access,Lasaa Billboard,
100081,63297,13,,1/30/2018,7,AGEGE,81,Zenith,Lasaa Billboard,
100082,65653,16,,5/15/2018,5,AJEROMI- IFELODUN,82,Access,Mobile,
100083,61653,12,,1/5/2018,1,AMUWO ODOFIN,83,Access,Lasaa Revenue,
100084,30726,6,,4/19/2018,2,SURULERE,84,Zenith,Lasaa Revenue,
100085,74536,17,,3/15/2018,10,"	IKEJA",85,Access,Lasaa Billboard,
100086,47862,17,,6/12/2018,7,LAGOS MAINLAND,86,Access,Lasaa Billboard,
100087,73600,4,,7/1/2018,10,ETI-OSA,87,Zenith,Lasaa Billboard,
100088,58544,18,,5/8/2017,8,IKOYI / OBALENDE,88,Eco,Mobile,
100089,42697,13,,3/14/2017,7,APAPA,89,Access,Mobile,
100090,37335,28,,5/25/2018,5,IKORODU,90,Access,Lasaa Revenue,
100091,71393,14,,9/13/2016,2,MUSHIN,91,Zenith,Lasaa Revenue,
100092,59550,13,,10/20/2016,7,OJO,92,Access,Lasaa Billboard,
100093,64264,23,,11/22/2016,3,BADAGRY,93,Access,Lasaa Billboard,
100094,64148,30,,12/10/2016,6,IBEJU LEKKI,94,Eco,Lasaa Billboard,
100095,25686,23,,1/28/2017,1,SHOMOLU,95,Access,Mobile,
100096,52968,16,,2/8/2017,5,LAGOS MAINLAND,96,Eco,Lasaa Revenue,
100097,22473,9,,3/19/2017,1,ALIMOSHO,97,Access,Lasaa Revenue,
100098,649270,18,,4/8/2017,3,KOSOFE,98,Access,Lasaa Billboard,
100099,51869,26,,5/28/2017,8,OSHODI / ISOLO,99,Zenith,Lasaa Billboard,
100100,69457,18,,6/2/2016,6,LAGOS ISLAND,100,Eco,Lasaa Billboard,
100101,31948,27,,6/3/2017,10,SHOMOLU,101,Access,Mobile,
100102,51865,23,,7/1/2017,9,LAGOS MAINLAND,102,Access,Lasaa Revenue,
100103,59594,23,,8/9/2017,5,ALIMOSHO,103,Zenith,Lasaa Revenue,
100104,48376,15,,9/9/2017,8,"	IKEJA",104,Eco,Lasaa Billboard,
100105,56885,9,,10/10/2017,6,LAGOS MAINLAND,105,Access,Lasaa Billboard,
100106,67187,20,,11/14/2017,7,ETI-OSA,106,Access,Lasaa Billboard,
100107,46558,23,,12/5/2017,9,AGEGE,107,Zenith,Lasaa Revenue,
100108,66541,23,,1/28/2018,5,AJEROMI- IFELODUN,108,Access,Lasaa Revenue,
100109,3320,2,,2/3/2018,1,AMUWO ODOFIN,109,Access,Lasaa Billboard,
100110,72273,4,,3/9/2018,2,SURULERE,110,Zenith,Lasaa Billboard,
100111,60333,1,,4/16/2018,5,IBEJU LEKKI,111,Access,Lasaa Billboard,
100112,65229,30,,5/3/2018,3,SHOMOLU,112,Eco,Mobile,
100113,56067,6,,6/14/2018,8,LAGOS ISLAND,113,Access,Mobile,
100114,37839,20,,7/9/2018,3,LAGOS ISLAND,114,Access,Lasaa Revenue,
100115,72683,12,,8/11/2018,4,LAGOS ISLAND,115,Zenith,Lasaa Revenue,
100116,56730,19,,7/22/2018,1,SURULERE,116,Eco,Lasaa Billboard,
100117,66816,16,,9/13/2018,8,SURULERE,117,Access,Lasaa Billboard,
100118,60224,21,,9/23/2018,10,"	IKEJA",118,Zenith,Lasaa Billboard,
100119,29728,23,,10/13/2018,6,"	IKEJA",119,Eco,Mobile,
100120,49270,19,,11/11/2018,6,APAPA,120,Access,Lasaa Revenue,
100121,57669,8,,12/8/2018,3,AGEGE,121,Eco,Lasaa Revenue,
100122,56792,12,,4/7/2016,6,AJEROMI- IFELODUN,122,Access,Lasaa Billboard,
100123,63275,12,,2/4/2016,3,AMUWO ODOFIN,123,Eco,Lasaa Billboard,
100124,35467,27,,2/26/2016,8,SURULERE,124,Access,Lasaa Billboard,
100125,68787,19,,6/21/2016,2,"	IKEJA",125,Zenith,Mobile,
100126,61228,14,,5/17/2016,6,LAGOS MAINLAND,126,Access,Lasaa Revenue,
100127,56367,10,,4/18/2016,8,ETI-OSA,127,Zenith,Lasaa Revenue,
100128,57868,27,,4/3/2016,4,IKOYI / OBALENDE,128,Eco,Lasaa Billboard,
100129,66618,3,,4/4/2016,2,APAPA,129,Eco,Lasaa Billboard,
100130,73104,21,,7/6/2017,6,IKORODU,130,Access,Lasaa Billboard,
100131,21640,1,,5/4/2017,8,MUSHIN,131,Zenith,Mobile,
100132,53817,29,,6/13/2017,6,OJO,132,Access,Lasaa Revenue,
100133,76368,21,,1/3/2017,6,BADAGRY,133,Zenith,Lasaa Revenue,
100134,67633,15,,1/14/2017,9,IBEJU LEKKI,134,Eco,Lasaa Billboard,
100135,50335,26,,1/12/2017,10,SHOMOLU,135,Eco,Lasaa Billboard,
100136,17710,4,,4/16/2017,6,LAGOS MAINLAND,136,Access,Lasaa Billboard,
100137,41229,1,,5/13/2017,5,ALIMOSHO,137,Eco,Mobile,
100138,42581,1,,3/27/2017,5,KOSOFE,138,Access,Lasaa Revenue,
100139,61618,10,,2/3/2017,7,OSHODI / ISOLO,139,Eco,Lasaa Revenue,
100140,70576,18,,4/18/2017,6,LAGOS ISLAND,140,Access,Lasaa Billboard,
100141,64122,13,,2/5/2017,10,SHOMOLU,141,Zenith,Lasaa Billboard,
100142,52097,18,,3/21/2017,8,LAGOS MAINLAND,142,Access,Lasaa Billboard,
100143,65954,20,,6/14/2017,9,ALIMOSHO,143,Zenith,Mobile,
100144,60193,22,,2/6/2017,7,"	IKEJA",144,Eco,Lasaa Revenue,
100145,77460,27,,3/12/2017,5,LAGOS MAINLAND,145,Access,Lasaa Revenue,
100146,45716,18,,1/26/2017,1,ETI-OSA,146,Eco,Lasaa Billboard,
100147,65121,21,,2/7/2017,9,AGEGE,147,Access,Lasaa Billboard,
100148,49996,27,,5/5/2017,5,AJEROMI- IFELODUN,148,Eco,Lasaa Billboard,
100149,71719,14,,6/29/2018,7,AMUWO ODOFIN,149,Access,Mobile,
100150,61770,27,,4/10/2017,10,SURULERE,150,Access,Lasaa Revenue,
100151,69113,5,,2/10/2016,5,IBEJU LEKKI,151,Zenith,Lasaa Revenue,
100152,72525,24,,5/28/2016,6,SHOMOLU,152,Eco,Lasaa Billboard,
100153,36782,6,,3/24/2016,2,LAGOS ISLAND,153,Access,Lasaa Billboard,
100154,66699,25,,2/12/2016,4,LAGOS ISLAND,154,Access,Lasaa Billboard,
100155,64288,19,,6/10/2016,8,LAGOS ISLAND,155,Zenith,Mobile,
100156,56638,12,,3/31/2016,11,SURULERE,156,Eco,Lasaa Billboard,
100157,55788,15,,2/14/2016,1,SURULERE,157,Access,Mobile,
100158,61142,20,,1/7/2016,7,"	IKEJA",158,Access,Lasaa Revenue,
100159,61626,22,,2/4/2016,2,"	IKEJA",159,Zenith,Lasaa Revenue,
100160,732350,12,,5/9/2017,8,APAPA,160,Access,Lasaa Billboard,
100161,74166,20,,6/23/2017,6,AGEGE,161,Access,Lasaa Billboard,
100162,62670,28,,6/20/2018,7,AJEROMI- IFELODUN,162,Zenith,Lasaa Billboard,
100163,57757,11,,6/21/2017,9,AMUWO ODOFIN,163,Eco,Mobile,
100164,58020,16,,1/17/2017,2,SURULERE,164,Access,Lasaa Billboard,
100165,50960,7,,1/29/2017,9,"	IKEJA",165,Eco,Lasaa Billboard,
100166,48247,8,,7/14/2017,4,LAGOS MAINLAND,166,Access,Lasaa Billboard,
100167,28272,5,,1/10/2017,9,ETI-OSA,167,Access,Mobile,
100168,53767,12,,4/28/2017,10,IKOYI / OBALENDE,168,Zenith,Lasaa Revenue,
100169,43662,21,,7/6/2018,3,APAPA,169,Eco,Lasaa Revenue,
100170,62239,23,,5/27/2018,8,IKORODU,170,Access,Lasaa Billboard,
100171,49030,15,,1/25/2017,8,MUSHIN,171,Zenith,Lasaa Billboard,
100172,76003,25,,5/8/2018,1,OJO,172,Eco,Lasaa Billboard,
100173,68095,1,,3/19/2016,7,BADAGRY,173,Access,Mobile,
100174,64396,10,,7/23/2016,9,IBEJU LEKKI,174,Access,Lasaa Revenue,
100175,70053,18,,6/23/2016,9,SHOMOLU,175,Zenith,Lasaa Revenue,
100176,72424,23,,7/19/2016,3,LAGOS MAINLAND,176,Eco,Lasaa Billboard,
100177,42996,30,,2/28/2016,9,ALIMOSHO,177,Access,Lasaa Billboard,
100178,60310,6,,2/10/2018,5,KOSOFE,178,Access,Lasaa Billboard,
100179,38350,22,,3/27/2017,6,OSHODI / ISOLO,179,Zenith,Lasaa Revenue,
100180,63115,20,,5/23/2018,1,LAGOS ISLAND,180,Access,Lasaa Billboard,
100181,31343,14,,1/3/2018,3,SHOMOLU,181,Access,Lasaa Billboard,
100182,40763,24,,1/4/2017,8,LAGOS MAINLAND,182,Access,Lasaa Billboard,
100183,36752,10,,5/24/2018,8,ALIMOSHO,183,Access,Mobile,
100184,65045,26,,2/1/2017,4,"	IKEJA",184,Access,Lasaa Billboard,
100185,53673,30,,6/5/2018,10,LAGOS MAINLAND,185,Access,Mobile,
100186,43445,10,,2/4/2018,7,ETI-OSA,2,Access,Lasaa Revenue,
100187,44249,15,,3/24/2018,9,AGEGE,3,Access,Lasaa Revenue,
100188,62573,3,,6/2/2018,3,AJEROMI- IFELODUN,4,Access,Lasaa Billboard,
100189,39841,5,,2/21/2018,2,AMUWO ODOFIN,65,Access,Lasaa Billboard,
100190,32594,28,,6/26/2018,9,ETI-OSA,6,Access,Lasaa Billboard,
100191,41630,6,,1/3/2018,2,AGEGE,7,Access,Mobile,
100192,43314,17,,3/8/2018,5,AJEROMI- IFELODUN,65,Access,Lasaa Revenue,
100193,42993,2,,6/19/2018,3,AMUWO ODOFIN,9,Access,Lasaa Revenue,
100194,46004,19,,7/21/2017,10,SURULERE,10,Access,Lasaa Billboard,
100195,49325,21,,2/12/2016,9,IBEJU LEKKI,11,Access,Lasaa Billboard,
100196,51633,1,,5/17/2016,8,SHOMOLU,12,Access,Lasaa Billboard,
100197,63363,23,,7/9/2016,4,LAGOS ISLAND,13,Access,Mobile,
100198,6400,24,,3/27/2016,4,LAGOS ISLAND,14,Access,Lasaa Revenue,
100199,73049,16,,1/16/2016,7,LAGOS ISLAND,15,Access,Lasaa Revenue,
100200,66625,26,,1/21/2016,1,SURULERE,16,Access,Lasaa Billboard,
100201,77568,12,,6/5/2017,10,SURULERE,74,Access,Lasaa Billboard,
100202,53431,15,,6/6/2018,4,"	IKEJA",18,Access,Lasaa Billboard,
100203,31266,21,,5/10/2016,2,"	IKEJA",19,Access,Mobile,
100204,74781,21,,3/27/2016,9,APAPA,20,Zenith,Lasaa Revenue,
100205,70410,27,,5/24/2016,4,AGEGE,21,Zenith,Lasaa Revenue,
100206,37345,3,,2/11/2018,9,AJEROMI- IFELODUN,22,Zenith,Lasaa Billboard,
100207,66108,26,,4/22/2017,12,AMUWO ODOFIN,23,Zenith,Lasaa Billboard,
100208,62336,24,,1/13/2017,6,SURULERE,151,Zenith,Lasaa Billboard,
100209,39133,14,,6/16/2017,9,"	IKEJA",152,Zenith,Mobile,
100210,38745,11,,9/27/2017,1,LAGOS MAINLAND,85,Zenith,Lasaa Revenue,
100211,65172,16,,10/3/2017,9,ETI-OSA,154,Zenith,Lasaa Revenue,
100212,68520,11,,2/3/2016,2,IKOYI / OBALENDE,155,Zenith,Lasaa Billboard,
100213,54775,8,,5/29/2016,8,BADAGRY,156,Zenith,Lasaa Billboard,
100214,76247,30,,4/3/2016,12,IBEJU LEKKI,157,Eco,Lasaa Billboard,
100215,65462,15,,4/15/2016,7,SHOMOLU,158,Eco,Mobile,
100216,34127,1,,6/21/2016,2,LAGOS MAINLAND,159,Eco,Lasaa Revenue,
100217,35254,16,,3/14/2016,9,ALIMOSHO,160,Eco,Lasaa Revenue,
100218,44894,23,,5/6/2016,10,KOSOFE,161,Eco,Lasaa Billboard,
100219,59621,5,,6/12/2018,3,OSHODI / ISOLO,162,Eco,Lasaa Billboard,
100220,20857,27,,1/11/2017,5,LAGOS ISLAND,163,Eco,Lasaa Billboard,
100221,55353,6,,7/2/2018,5,SHOMOLU,37,Eco,Mobile,
100222,67516,9,,3/4/2018,2,LAGOS MAINLAND,38,Eco,Lasaa Revenue,
100223,68738,1,,3/24/2018,2,ALIMOSHO,39,Eco,Lasaa Revenue,
100224,76894,3,,2/14/2018,9,"	IKEJA",40,Eco,Lasaa Billboard,
100225,59887,13,,4/25/2018,8,LAGOS MAINLAND,41,Eco,Lasaa Billboard,
100226,53442,25,,2/10/2018,4,ETI-OSA,90,Eco,Lasaa Billboard,
100227,41356,19,,4/23/2018,3,AGEGE,43,Eco,Mobile,
100228,49943,27,,6/18/2018,12,AJEROMI- IFELODUN,44,Eco,Lasaa Revenue,
100229,74430,12,,7/17/2018,2,AMUWO ODOFIN,45,Eco,Lasaa Revenue,
100230,58634,17,,4/27/2018,3,SURULERE,46,Eco,Lasaa Billboard,
100231,72708,20,,4/21/2018,4,IBEJU LEKKI,47,Eco,Lasaa Billboard,
100232,31093,6,,3/23/2018,4,SHOMOLU,48,Eco,Lasaa Billboard,
100233,74445,19,,7/19/2018,10,LAGOS ISLAND,49,Eco,Mobile,
100234,49309,26,,6/26/2018,1,LAGOS ISLAND,50,Eco,Lasaa Revenue,
100235,56735,16,,3/30/2018,3,LAGOS ISLAND,51,Eco,Lasaa Revenue,
100236,40184,6,,3/16/2018,6,SURULERE,52,Eco,Lasaa Billboard,
100237,58348,3,,5/4/2018,8,SURULERE,101,Eco,Lasaa Billboard,
100238,72210,12,,11/2/2018,2,"	IKEJA",54,Eco,Lasaa Billboard,
100239,62060,30,,7/23/2016,6,"	IKEJA",55,Eco,Mobile,
100240,67113,25,,1/29/2016,9,APAPA,56,Zenith,Lasaa Revenue,
100241,24030,21,,7/23/2016,3,AGEGE,57,Eco,Lasaa Revenue,
100242,56181,25,,2/16/2016,8,AJEROMI- IFELODUN,58,Eco,Lasaa Billboard,
100243,62205,5,,6/9/2016,12,AMUWO ODOFIN,59,Access,Lasaa Billboard,
100244,60373,14,,6/19/2016,4,SURULERE,60,Eco,Lasaa Billboard,
100245,65280,20,,6/6/2016,4,"	IKEJA",61,Access,Mobile,
100246,34309,1,,1/7/2016,2,LAGOS MAINLAND,7,Eco,Lasaa Revenue,
100247,59611,26,,4/15/2016,9,ETI-OSA,8,Access,Lasaa Revenue,
100248,50279,4,,1/9/2016,3,IKOYI / OBALENDE,9,Zenith,Lasaa Billboard,
100249,43450,12,,2/10/2016,1,APAPA,10,Access,Lasaa Billboard,
100250,25408,29,,4/24/2016,6,IKORODU,11,Zenith,Lasaa Billboard,
100251,71136,12,,8/12/2016,2,MUSHIN,80,Eco,Mobile,
100252,63884,18,,8/5/2017,10,OJO,13,Access,Lasaa Billboard,
100253,64902,15,,8/2/2018,2,BADAGRY,14,Eco,Lasaa Billboard,
100254,66785,8,,9/21/2016,5,IBEJU LEKKI,15,Access,Mobile,
100255,62785,29,,9/9/2017,4,SHOMOLU,16,Eco,Lasaa Revenue,
100256,63728,30,,9/6/2018,1,LAGOS MAINLAND,72,Access,Lasaa Revenue,
100257,61608,13,,10/31/2016,8,ALIMOSHO,73,Access,Lasaa Billboard,
100258,56782,4,,10/20/2017,6,KOSOFE,74,Zenith,Lasaa Billboard,
100259,64448,19,,10/15/2018,1,OSHODI / ISOLO,75,Eco,Lasaa Billboard,
100260,42043,30,,11/18/2016,8,LAGOS ISLAND,76,Access,Lasaa Billboard,
100261,67669,3,,11/17/2017,12,SHOMOLU,77,Access,Lasaa Billboard,
100262,54876,4,,11/29/2018,5,LAGOS MAINLAND,78,Zenith,Lasaa Billboard,
100263,73348,26,,12/2/2016,9,ALIMOSHO,79,Eco,Mobile,
100264,50200,19,,12/13/2017,2,"	IKEJA",80,Access,Lasaa Revenue,
100265,50724,10,,12/20/2018,7,LAGOS MAINLAND,81,Access,Lasaa Revenue,
100266,63451,9,,2/26/2017,9,ETI-OSA,82,Access,Lasaa Billboard,
100267,56694,10,,2/26/2016,9,AGEGE,83,Zenith,Lasaa Billboard,
100268,70547,25,,4/15/2016,2,AJEROMI- IFELODUN,84,Access,Lasaa Billboard,
100269,47392,16,,2/1/2016,9,AMUWO ODOFIN,75,Zenith,Mobile,
100270,623120,23,,1/20/2016,3,SURULERE,86,Eco,Mobile,
100271,63100,13,,4/23/2016,6,IBEJU LEKKI,87,Access,Lasaa Revenue,
100272,73688,4,,6/19/2016,5,SHOMOLU,88,Eco,Lasaa Revenue,
100273,52686,6,,2/15/2016,10,LAGOS ISLAND,89,Access,Lasaa Billboard,
100274,78120,22,,2/9/2016,3,LAGOS ISLAND,90,Eco,Lasaa Billboard,
100275,57015,3,,1/25/2018,6,LAGOS ISLAND,91,Access,Lasaa Billboard,
100276,27086,15,,7/18/2018,6,SHOMOLU,92,Access,Lasaa Revenue,
100277,58337,15,,1/9/2018,4,LAGOS ISLAND,44,Zenith,Lasaa Revenue,
100278,50216,7,,3/21/2018,3,LAGOS ISLAND,45,Eco,Lasaa Billboard,
100279,53049,10,,2/15/2018,6,LAGOS ISLAND,46,Access,Lasaa Billboard,
100280,62928,7,,3/4/2016,3,SURULERE,47,Access,Lasaa Billboard,
100281,32848,18,,1/5/2016,1,SURULERE,48,Zenith,Mobile,
100282,32007,17,,5/15/2016,12,"	IKEJA",49,Eco,Lasaa Revenue,
100283,48913,5,,5/5/2018,7,"	IKEJA",50,Access,Lasaa Revenue,
100284,69286,17,,5/26/2018,4,APAPA,51,Access,Lasaa Billboard,
100285,53701,13,,5/21/2018,3,AGEGE,52,Zenith,Lasaa Billboard,
100286,52011,5,,5/4/2018,8,AJEROMI- IFELODUN,53,Eco,Lasaa Billboard,
100287,46339,5,,7/5/2018,5,AMUWO ODOFIN,54,Access,Mobile,
100288,67939,4,,6/28/2018,7,SURULERE,55,Zenith,Lasaa Revenue,
100289,66349,9,,5/5/2018,9,"	IKEJA",56,Eco,Lasaa Revenue,
100290,66874,25,,3/25/2018,1,LAGOS MAINLAND,87,Access,Lasaa Billboard,
100291,72271,9,,1/23/2016,9,ETI-OSA,107,Zenith,Lasaa Billboard,
100292,61610,18,,5/29/2016,1,OJO,108,Eco,Lasaa Billboard,
100293,76561,14,,5/30/2016,5,BADAGRY,109,Access,Mobile,
100294,62668,7,,4/17/2016,1,IBEJU LEKKI,110,Zenith,Lasaa Revenue,
100295,75687,1,,7/20/2017,4,SHOMOLU,111,Eco,Lasaa Revenue,
100296,66745,18,,6/29/2016,2,LAGOS MAINLAND,112,Access,Lasaa Billboard,
100297,67715,27,,4/10/2016,10,ALIMOSHO,113,Zenith,Lasaa Billboard,
100298,69711,23,,4/16/2016,8,KOSOFE,114,Eco,Lasaa Billboard,
100299,66269,21,,5/3/2016,6,OSHODI / ISOLO,115,Access,Mobile,
100300,60843,8,,3/18/2016,3,LAGOS ISLAND,116,Zenith,Lasaa Revenue,
100301,55042,20,,5/22/2016,12,SHOMOLU,117,Eco,Mobile,
100302,73863,21,,2/1/2018,6,LAGOS MAINLAND,118,Access,Lasaa Revenue,
100303,62378,13,,1/23/2017,1,ALIMOSHO,119,Zenith,Lasaa Revenue,
100304,63337,5,,5/19/2017,9,"	IKEJA",120,Eco,Lasaa Billboard,
100305,42192,16,,5/9/2017,3,LAGOS MAINLAND,121,Zenith,Lasaa Billboard,
100306,56195,8,,5/31/2017,5,ETI-OSA,122,Access,Lasaa Billboard,
100307,61772,18,,3/30/2017,9,AGEGE,123,Eco,Mobile,
100308,61384,30,,1/9/2017,3,AJEROMI- IFELODUN,124,Zenith,Lasaa Revenue,
100309,63925,16,,4/18/2017,1,AMUWO ODOFIN,125,Access,Lasaa Revenue,
100310,23975,7,,6/13/2017,4,SURULERE,126,Eco,Lasaa Billboard,
100311,70179,20,,4/23/2017,6,IBEJU LEKKI,127,Zenith,Lasaa Billboard,
100312,66525,26,,3/27/2016,9,SHOMOLU,128,Access,Lasaa Billboard,
100313,41851,30,,2/19/2016,9,LAGOS ISLAND,129,Eco,Mobile,
100314,61275,30,,5/19/2016,2,LAGOS ISLAND,130,Zenith,Lasaa Billboard,
100315,60638,10,,1/27/2016,3,LAGOS ISLAND,98,Access,Lasaa Billboard,
100316,47161,12,,4/20/2016,10,SURULERE,132,Eco,Lasaa Billboard,
100317,48537,2,,2/7/2016,6,SURULERE,133,Zenith,Mobile,
100318,53059,5,,4/21/2017,5,"	IKEJA",134,Access,Lasaa Revenue,
100319,68615,17,,4/19/2017,1,"	IKEJA",135,Eco,Lasaa Revenue,
100320,44174,24,,4/12/2017,3,APAPA,136,Zenith,Lasaa Billboard,
100321,67050,18,,3/15/2017,5,AGEGE,137,Access,Lasaa Billboard,
100322,54520,28,,2/16/2017,12,AJEROMI- IFELODUN,138,Eco,Lasaa Billboard,
100323,54952,18,,2/18/2017,9,AMUWO ODOFIN,139,Zenith,Mobile,
100324,69476,2,,5/25/2018,5,SURULERE,140,Access,Lasaa Revenue,
100325,54990,17,,3/26/2018,8,"	IKEJA",141,Eco,Lasaa Revenue,
100326,29399,20,,1/28/2016,7,LAGOS MAINLAND,142,Zenith,Lasaa Billboard,
100327,42861,5,,3/24/2016,3,ETI-OSA,143,Access,Lasaa Billboard,
100328,65883,9,,3/3/2016,7,IKOYI / OBALENDE,144,Eco,Lasaa Billboard,
100329,65421,1,,2/26/2016,6,APAPA,145,Zenith,Mobile,
100330,60954,13,,7/6/2016,9,IKORODU,146,Access,Lasaa Revenue,
100331,58477,5,,6/24/2016,8,MUSHIN,28,Eco,Lasaa Revenue,
100332,66637,23,,5/23/2016,6,OJO,148,Zenith,Lasaa Billboard,
100333,67431,11,,2/3/2016,7,BADAGRY,149,Access,Lasaa Revenue,
100334,57260,27,,4/28/2016,10,IBEJU LEKKI,56,Eco,Lasaa Billboard,
100335,66359,7,,3/19/2016,6,SHOMOLU,151,Zenith,Lasaa Billboard,
100336,57587,25,,7/15/2016,4,LAGOS MAINLAND,152,Access,Lasaa Billboard,
100337,63061,23,,5/12/2017,10,ALIMOSHO,153,Eco,Mobile,
100338,59999,27,,1/1/2016,6,KOSOFE,120,Zenith,Lasaa Revenue,
100339,74025,8,,3/13/2017,9,OSHODI / ISOLO,121,Access,Lasaa Revenue,
100340,6055,2,,7/16/2017,8,LAGOS ISLAND,122,Eco,Lasaa Billboard,
100341,57983,29,,4/18/2017,1,SHOMOLU,123,Zenith,Lasaa Billboard,
100342,52736,5,,7/17/2017,8,LAGOS MAINLAND,124,Access,Lasaa Billboard,
100343,46654,17,,2/17/2017,5,ALIMOSHO,80,Eco,Mobile,
100344,56987,29,,6/16/2018,7,"	IKEJA",126,Zenith,Lasaa Billboard,
100345,55336,29,,4/9/2018,9,LAGOS MAINLAND,127,Access,Lasaa Billboard,
100346,42163,2,,3/18/2018,6,ETI-OSA,128,Eco,Lasaa Billboard,
100347,39699,26,,5/11/2018,4,AGEGE,129,Zenith,Mobile,
100348,56395,21,,1/25/2018,1,AJEROMI- IFELODUN,130,Access,Lasaa Revenue,
100349,75044,21,,5/26/2018,3,AMUWO ODOFIN,131,Eco,Lasaa Revenue,
100350,53310,19,,6/9/2018,1,SURULERE,132,Zenith,Lasaa Billboard,
100351,58996,4,,1/30/2016,10,IBEJU LEKKI,133,Access,Lasaa Billboard,
100352,56605,3,,2/15/2016,6,SHOMOLU,168,Eco,Lasaa Billboard,
100353,62476,30,,1/31/2016,9,LAGOS ISLAND,169,Zenith,Mobile,
100354,70493,13,,1/5/2016,2,LAGOS ISLAND,170,Access,Lasaa Revenue,
100355,43699,3,,5/31/2016,5,LAGOS ISLAND,171,Eco,Lasaa Revenue,
100356,57738,19,,4/21/2016,9,SURULERE,172,Zenith,Lasaa Billboard,
100357,31281,29,,4/10/2028,6,SURULERE,173,Access,Lasaa Billboard,
100358,45800,12,,2/9/2018,6,"	IKEJA",174,Eco,Lasaa Billboard,
100359,42362,28,,6/17/2018,10,"	IKEJA",175,Zenith,Mobile,
100360,66691,12,,5/22/2018,5,APAPA,76,Access,Lasaa Revenue,
100361,56370,15,,7/13/2018,9,AGEGE,177,Eco,Lasaa Revenue,
100362,59398,26,,1/23/2017,1,AJEROMI- IFELODUN,178,Zenith,Lasaa Billboard,
100363,66025,13,,5/20/2018,7,AMUWO ODOFIN,67,Access,Mobile,
100364,68211,13,,1/30/2018,2,SURULERE,180,Eco,Lasaa Revenue,
100365,73609,2,,4/21/2018,1,"	IKEJA",181,Zenith,Lasaa Revenue,
100366,61229,11,,4/22/2018,6,LAGOS MAINLAND,182,Access,Lasaa Billboard,
100367,72326,13,,1/11/2017,6,ETI-OSA,183,Eco,Lasaa Billboard,
100368,44559,23,,3/1/2016,6,IKOYI / OBALENDE,184,Zenith,Lasaa Billboard,
100369,73207,17,,4/4/2018,2,APAPA,185,Access,Mobile,
100370,46722,8,,6/20/2016,10,IKORODU,186,Eco,Lasaa Revenue,
100371,45401,16,,1/28/2016,6,MUSHIN,3,Zenith,Lasaa Revenue,
100372,41417,10,,7/3/2016,4,OJO,4,Access,Lasaa Billboard,
100373,60846,27,,5/15/2016,3,BADAGRY,5,Eco,Lasaa Billboard,
100374,60813,30,,4/8/2017,2,IBEJU LEKKI,6,Zenith,Lasaa Billboard,
100375,64268,25,,1/19/2017,4,SHOMOLU,7,Access,Lasaa Billboard,
100376,58152,27,,5/26/2018,9,LAGOS MAINLAND,8,Eco,Lasaa Billboard,
100377,52079,12,,1/26/2018,1,ALIMOSHO,65,Zenith,Mobile,
100378,26024,6,,6/17/2017,6,KOSOFE,10,Access,Lasaa Revenue,
100379,62318,22,,4/25/2017,1,OSHODI / ISOLO,11,Eco,Lasaa Revenue,
100380,56217,27,,7/13/2017,8,LAGOS ISLAND,12,Zenith,Lasaa Billboard,
100381,61806,21,,7/5/2018,5,SHOMOLU,13,Access,Lasaa Billboard,
100382,51662,21,,3/15/2016,1,LAGOS MAINLAND,14,Eco,Lasaa Billboard,
100383,67081,30,,6/19/2016,1,ALIMOSHO,15,Zenith,Mobile,
100384,51975,2,,7/5/2016,3,SURULERE,16,Access,Lasaa Revenue,
100385,28019,10,,5/9/2016,12,SURULERE,17,Eco,Lasaa Revenue,
100386,67745,9,,7/21/2016,3,"	IKEJA",64,Zenith,Lasaa Billboard,
100387,66574,24,,6/3/2016,8,"	IKEJA",19,Access,Lasaa Billboard,
100388,30487,19,,1/15/2016,10,APAPA,20,Eco,Lasaa Billboard,
100389,749030,19,,2/5/2016,9,AGEGE,21,Zenith,Mobile,
100390,19992,15,,8/29/2017,3,AJEROMI- IFELODUN,22,Access,Mobile,
100391,66051,27,,8/8/2018,9,AMUWO ODOFIN,23,Eco,Lasaa Revenue,
100392,70449,16,,9/13/2017,4,SURULERE,24,Zenith,Lasaa Revenue,
100393,64009,27,,9/8/2018,8,"	IKEJA",25,Access,Lasaa Billboard,
100394,70204,18,,10/8/2017,1,LAGOS MAINLAND,26,Eco,Lasaa Billboard,
100395,27263,5,,10/15/2018,2,ETI-OSA,27,Zenith,Lasaa Billboard,
100396,49544,26,,11/13/2017,4,IKOYI / OBALENDE,28,Access,Mobile,
100397,28357,4,,11/20/2017,6,APAPA,29,Eco,Lasaa Revenue,
100398,66929,26,,11/3/2018,9,IKORODU,64,Zenith,Lasaa Revenue,
100399,75525,3,,12/31/2017,5,MUSHIN,31,Access,Lasaa Billboard,
100400,66265,14,,12/15/2018,3,OJO,32,Eco,Lasaa Billboard,
100401,55994,9,,8/10/2016,5,AGEGE,33,Zenith,Mobile,
100402,56379,14,,9/26/2016,5,AJEROMI- IFELODUN,92,Access,Lasaa Revenue,
100403,31216,1,,10/17/2016,11,AMUWO ODOFIN,35,Eco,Lasaa Revenue,
100404,51015,24,,11/26/2016,1,SURULERE,36,Zenith,Lasaa Billboard,
100405,46473,13,,12/29/2016,4,"	IKEJA",37,Access,Lasaa Billboard,
100406,55480,27,,1/27/2017,7,LAGOS MAINLAND,38,Eco,Lasaa Billboard,
100407,68714,19,,3/17/2018,2,ETI-OSA,39,Zenith,Mobile,
100408,34191,3,,7/9/2016,10,IKOYI / OBALENDE,40,Access,Lasaa Revenue,
100409,51068,1,,6/28/2016,1,APAPA,41,Eco,Lasaa Revenue,
100410,46694,12,,6/18/2016,6,IKORODU,42,Zenith,Lasaa Billboard,
100411,19345,9,,5/28/2016,5,MUSHIN,43,Access,Lasaa Billboard,
100412,66226,7,,1/16/2016,9,OJO,44,Eco,Lasaa Billboard,
100413,38609,20,,7/11/2016,9,BADAGRY,45,Zenith,Mobile,
100414,37713,10,,7/16/2016,8,IBEJU LEKKI,46,Access,Lasaa Revenue,
100415,63764,3,,4/6/2016,8,SHOMOLU,65,Eco,Lasaa Revenue,
100416,41867,26,,7/5/2018,9,LAGOS MAINLAND,48,Zenith,Lasaa Billboard,
100417,57847,8,,2/17/2017,5,ALIMOSHO,49,Access,Lasaa Revenue,
100418,69429,23,,3/15/2017,1,KOSOFE,50,Eco,Lasaa Billboard,
100419,60284,3,,1/21/2017,3,OSHODI / ISOLO,51,Zenith,Lasaa Billboard,
100420,79332,29,,6/6/2017,6,LAGOS ISLAND,52,Access,Lasaa Billboard,
100421,53168,11,,5/16/2017,10,SHOMOLU,78,Eco,Mobile,
100422,64564,18,,4/17/2017,7,LAGOS MAINLAND,54,Zenith,Lasaa Revenue,
100423,60803,24,,3/30/2017,4,ALIMOSHO,55,Access,Lasaa Revenue,
100424,28387,24,,6/29/2017,2,"	IKEJA",56,Eco,Lasaa Billboard,
100425,58850,14,,5/26/2017,9,LAGOS MAINLAND,125,Zenith,Lasaa Billboard,
100426,65963,14,,4/15/2017,10,ETI-OSA,58,Access,Lasaa Billboard,
100427,75180,12,,5/31/2016,2,AGEGE,59,Eco,Mobile,
100428,61270,17,,2/15/2016,8,AJEROMI- IFELODUN,60,Zenith,Lasaa Billboard,
100429,56759,26,,5/9/2016,3,AMUWO ODOFIN,61,Access,Lasaa Billboard,
100430,46161,8,,7/7/2016,6,SURULERE,62,Eco,Lasaa Billboard,
100431,43871,19,,1/3/2016,8,IBEJU LEKKI,63,Zenith,Mobile,
100432,50439,24,,7/17/2016,6,SHOMOLU,64,Access,Lasaa Revenue,
100433,28029,19,,4/4/2016,8,LAGOS ISLAND,65,Eco,Lasaa Revenue,
100434,64239,1,,2/27/2016,9,LAGOS ISLAND,66,Zenith,Lasaa Billboard,
100435,65816,22,,6/8/2016,8,LAGOS ISLAND,67,Access,Lasaa Billboard,
100436,72684,21,,2/20/2016,12,SURULERE,68,Eco,Lasaa Billboard,
100437,38817,6,,3/23/2017,5,SURULERE,69,Zenith,Mobile,
100438,63976,7,,6/7/2018,5,"	IKEJA",70,Access,Lasaa Revenue,
100439,37213,22,,1/18/2018,6,"	IKEJA",71,Eco,Lasaa Revenue,
100440,52692,1,,6/9/2016,1,APAPA,78,Zenith,Lasaa Billboard,
100441,65500,16,,5/30/2016,3,AGEGE,73,Access,Lasaa Billboard,
100442,63967,11,,4/1/2016,3,AJEROMI- IFELODUN,74,Eco,Lasaa Billboard,
100443,52401,1,,5/31/2016,1,AMUWO ODOFIN,75,Zenith,Lasaa Billboard,
100444,49111,26,,7/3/2016,6,SURULERE,76,Access,Mobile,
100445,41233,26,,3/10/2016,10,"	IKEJA",77,Eco,Lasaa Revenue,
100446,52140,3,,3/18/2017,9,LAGOS MAINLAND,78,Zenith,Lasaa Revenue,
100447,60641,15,,5/30/2018,8,ETI-OSA,79,Access,Lasaa Billboard,
100448,74180,24,,2/20/2017,3,IKOYI / OBALENDE,80,Eco,Lasaa Billboard,
100449,51870,2,,3/10/2018,3,APAPA,81,Zenith,Lasaa Billboard,
100450,48853,1,,6/21/2017,7,IKORODU,82,Access,Mobile,
100451,59144,25,,2/5/2018,3,MUSHIN,83,Eco,Lasaa Revenue,
100452,33952,9,,5/31/2017,5,OJO,84,Zenith,Lasaa Revenue,
100453,58909,12,,1/1/2018,8,BADAGRY,85,Access,Lasaa Billboard,
100454,49851,12,,3/4/2018,1,IBEJU LEKKI,86,Eco,Lasaa Billboard,
100455,28680,2,,2/3/2018,12,SHOMOLU,87,Zenith,Mobile,
100456,69870,21,,1/20/2018,5,LAGOS MAINLAND,88,Access,Lasaa Revenue,
100457,48348,27,,6/11/2018,5,ALIMOSHO,89,Eco,Lasaa Revenue,
100458,45960,13,,3/8/2018,9,KOSOFE,90,Zenith,Lasaa Billboard,
100459,70006,9,,2/14/2018,2,OSHODI / ISOLO,91,Access,Lasaa Billboard,
100460,51513,8,,7/17/2018,9,LAGOS ISLAND,92,Eco,Lasaa Billboard,
100461,255990,14,,6/2/2018,9,SHOMOLU,93,Zenith,Mobile,
100462,49283,20,,4/30/2018,7,LAGOS MAINLAND,89,Access,Lasaa Revenue,
100463,67240,18,,4/17/2018,9,ALIMOSHO,95,Eco,Lasaa Revenue,
100464,42136,9,,3/9/2017,10,"	IKEJA",96,Zenith,Lasaa Billboard,
100465,62590,8,,3/7/2018,8,LAGOS MAINLAND,97,Access,Lasaa Billboard,
100466,67384,7,,5/26/2018,7,ETI-OSA,98,Eco,Lasaa Billboard,
100467,25604,13,,7/18/2017,8,AGEGE,99,Zenith,Mobile,
100468,39616,7,,7/16/2018,8,AJEROMI- IFELODUN,100,Access,Lasaa Revenue,
100469,28266,12,,3/22/2018,8,AMUWO ODOFIN,101,Eco,Lasaa Revenue,
100470,63880,23,,6/3/2018,7,SURULERE,102,Zenith,Lasaa Billboard,
100471,70593,26,,6/28/2017,10,IBEJU LEKKI,103,Access,Lasaa Billboard,
100472,76408,21,,7/18/2018,8,SHOMOLU,104,Eco,Lasaa Billboard,
100473,55015,30,,1/23/2018,2,LAGOS ISLAND,105,Zenith,Mobile,
100474,51636,10,,1/24/2017,7,LAGOS ISLAND,106,Access,Lasaa Revenue,
100475,29359,13,,6/30/2017,9,LAGOS ISLAND,107,Eco,Lasaa Revenue,
100476,71297,21,,6/19/2018,7,SURULERE,108,Zenith,Lasaa Billboard,
100477,46423,8,,1/8/2017,2,SURULERE,109,Access,Lasaa Billboard,
100478,52802,26,,1/2/2018,7,"	IKEJA",110,Eco,Lasaa Billboard,
100479,59243,10,,5/13/2017,1,"	IKEJA",111,Zenith,Mobile,
100480,35351,30,,2/8/2017,6,APAPA,112,Access,Lasaa Revenue,
100481,59678,24,,6/7/2018,10,AGEGE,113,Eco,Lasaa Revenue,
100482,70226,10,,1/2/2017,4,AJEROMI- IFELODUN,114,Zenith,Lasaa Billboard,
100483,65791,29,,2/13/2018,5,AMUWO ODOFIN,115,Access,Lasaa Billboard,
100484,34191,19,,5/3/2017,8,SURULERE,116,Eco,Lasaa Billboard,
100485,51315,7,,4/3/2018,8,"	IKEJA",117,Zenith,Mobile,
100486,62791,27,,3/23/2017,6,LAGOS MAINLAND,118,Access,Lasaa Revenue,
100487,66292,4,,2/2/2018,4,ETI-OSA,119,Eco,Lasaa Revenue,
100488,68030,8,,3/8/2018,3,IKOYI / OBALENDE,120,Zenith,Lasaa Billboard,
100489,43974,3,,4/8/2018,11,APAPA,121,Access,Lasaa Billboard,
100490,49457,12,,6/30/2017,5,IKORODU,122,Eco,Lasaa Billboard,
100491,33987,14,,3/25/2018,3,MUSHIN,123,Zenith,Lasaa Revenue,
100492,28210,21,,5/12/2016,2,OJO,89,Access,Lasaa Billboard,
100493,75535,18,,3/2/2016,1,BADAGRY,125,Eco,Lasaa Billboard,
100494,49159,12,,5/10/2016,8,IBEJU LEKKI,126,Zenith,Lasaa Billboard,
100495,39810,30,,3/3/2016,6,SHOMOLU,127,Access,Mobile,
100496,65827,9,,7/4/2016,8,LAGOS MAINLAND,128,Eco,Lasaa Revenue,
100497,61172,2,,7/8/2016,6,ALIMOSHO,129,Zenith,Lasaa Revenue,
100498,42898,2,,5/27/2016,6,KOSOFE,130,Access,Lasaa Billboard,
100499,68333,9,,2/10/2016,4,OSHODI / ISOLO,131,Eco,Lasaa Revenue,
100500,70233,16,,6/12/2016,4,LAGOS ISLAND,132,Zenith,Lasaa Billboard,
100501,63102,30,,1/7/2016,10,SHOMOLU,133,Access,Lasaa Billboard,
100502,51847,11,,5/13/2016,2,LAGOS MAINLAND,134,Eco,Lasaa Billboard,
100503,63580,20,,5/2/2016,7,ALIMOSHO,135,Zenith,Mobile,
100504,47575,15,,2/7/2016,1,"	IKEJA",136,Access,Lasaa Revenue,
100505,39032,12,,2/15/2016,3,LAGOS MAINLAND,137,Eco,Lasaa Revenue,
100506,70505,26,,2/21/2016,1,ETI-OSA,138,Zenith,Lasaa Billboard,
100507,62161,24,,3/20/2018,5,AGEGE,139,Access,Lasaa Billboard,
100508,61068,11,,3/24/2017,1,AJEROMI- IFELODUN,140,Eco,Lasaa Billboard,
100509,49091,19,,4/4/2017,12,AMUWO ODOFIN,141,Zenith,Mobile,
100510,62331,7,,1/2/2017,9,SURULERE,142,Access,Lasaa Revenue,
100511,18819,17,,7/8/2017,8,IBEJU LEKKI,143,Eco,Lasaa Revenue,
100512,62053,26,,3/28/2018,2,SHOMOLU,144,Zenith,Lasaa Billboard,
100513,61922,12,,7/11/2018,9,LAGOS ISLAND,145,Access,Lasaa Billboard,
100514,49525,4,,6/9/2018,3,LAGOS ISLAND,146,Eco,Lasaa Billboard,
100515,53412,16,,5/19/2018,6,LAGOS ISLAND,147,Zenith,Mobile,
100516,56682,2,,4/12/2017,2,SURULERE,148,Access,Lasaa Revenue,
100517,43300,1,,7/4/2017,10,SURULERE,86,Eco,Lasaa Revenue,
100518,47998,30,,2/1/2018,8,"	IKEJA",150,Zenith,Lasaa Billboard,
100519,39132,19,,1/13/2017,3,"	IKEJA",151,Access,Lasaa Billboard,
100520,46034,26,,6/18/2016,2,APAPA,152,Eco,Lasaa Billboard,
100521,65857,18,,1/1/2016,4,AGEGE,153,Zenith,Mobile,
100522,54787,26,,3/2/2016,4,AJEROMI- IFELODUN,154,Access,Lasaa Revenue,
100523,695620,29,,3/30/2016,4,AMUWO ODOFIN,155,Eco,Lasaa Revenue,
100524,68447,24,,5/1/2016,3,SURULERE,156,Zenith,Lasaa Billboard,
100525,62772,6,,8/17/2017,2,"	IKEJA",157,Access,Lasaa Billboard,
100526,78093,28,,8/23/2018,4,LAGOS MAINLAND,158,Eco,Lasaa Billboard,
100527,63649,10,,9/8/2017,9,ETI-OSA,159,Zenith,Mobile,
100528,60638,28,,9/6/2018,6,IKOYI / OBALENDE,160,Access,Lasaa Revenue,
100529,27241,10,,10/5/2017,4,APAPA,161,Eco,Lasaa Revenue,
100530,42760,19,,10/16/2017,5,IKORODU,162,Zenith,Lasaa Billboard,
100531,59458,17,,10/1/2018,7,MUSHIN,163,Access,Lasaa Billboard,
100532,42908,3,,11/4/2018,9,OJO,164,Eco,Lasaa Billboard,
100533,46132,25,,11/5/2017,2,BADAGRY,165,Zenith,Mobile,
100534,46964,19,,12/7/2017,2,IBEJU LEKKI,166,Access,Lasaa Revenue,
100535,70377,21,,12/20/2018,3,SHOMOLU,167,Eco,Lasaa Revenue,
100536,70013,10,,8/20/2017,11,LAGOS MAINLAND,168,Zenith,Lasaa Billboard,
100537,56457,28,,8/25/2018,12,ALIMOSHO,169,Access,Lasaa Billboard,
100538,67279,8,,9/14/2017,7,KOSOFE,170,Eco,Mobile,
100539,54774,1,,9/26/2018,6,OSHODI / ISOLO,171,Zenith,Lasaa Revenue,
100540,70784,18,,10/5/2017,3,LAGOS ISLAND,172,Access,Lasaa Revenue,
100541,70511,2,,10/14/2018,4,SHOMOLU,173,Eco,Lasaa Billboard,
100542,64022,7,,10/30/2018,9,LAGOS MAINLAND,174,Zenith,Lasaa Billboard,
100543,72043,14,,11/7/2017,2,ALIMOSHO,175,Access,Lasaa Billboard,
100544,36037,19,,11/19/2017,7,"	IKEJA",86,Eco,Mobile,
100545,67527,25,,11/18/2018,7,LAGOS MAINLAND,177,Zenith,Mobile,
100546,55122,18,,11/11/2018,1,ETI-OSA,178,Access,Lasaa Revenue,
100547,63498,6,,1/1/2018,1,AGEGE,179,Eco,Lasaa Revenue,
100548,60879,14,,4/7/2017,7,AJEROMI- IFELODUN,180,Zenith,Lasaa Billboard,
100549,61467,4,,10/28/2018,5,AMUWO ODOFIN,181,Access,Lasaa Billboard,
100550,70496,26,,6/26/2017,12,SURULERE,182,Eco,Lasaa Billboard,
100551,71222,8,,1/21/2016,7,IBEJU LEKKI,183,Zenith,Mobile,
100552,64699,9,,5/1/2016,10,SHOMOLU,184,Access,Lasaa Revenue,
100553,32252,20,,2/14/2016,9,LAGOS ISLAND,185,Eco,Lasaa Revenue,
100554,55317,24,,1/27/2016,9,LAGOS ISLAND,186,Zenith,Lasaa Billboard,
100555,47448,21,,6/16/2016,8,LAGOS ISLAND,187,Access,Lasaa Billboard,
100556,73475,29,,7/21/2016,3,SURULERE,4,Eco,Lasaa Billboard,
100557,53550,25,,4/21/2016,7,SURULERE,5,Zenith,Mobile,
100558,58576,19,,7/20/2016,9,"	IKEJA",6,Access,Lasaa Revenue,
100559,63374,14,,2/26/2016,1,"	IKEJA",7,Eco,Lasaa Revenue,
100560,60283,11,,1/16/2016,8,APAPA,8,Zenith,Lasaa Billboard,
100561,37345,23,,4/1/2016,3,AGEGE,9,Access,Lasaa Billboard,
100562,34886,29,,6/24/2016,5,AJEROMI- IFELODUN,10,Eco,Lasaa Billboard,
100563,67512,29,,5/27/2017,9,AMUWO ODOFIN,54,Zenith,Mobile,
100564,77989,27,,5/26/2018,12,SURULERE,12,Access,Lasaa Revenue,
100565,63001,3,,4/6/2017,9,"	IKEJA",13,Eco,Lasaa Revenue,
100566,61748,24,,1/8/2018,5,LAGOS MAINLAND,153,Zenith,Lasaa Billboard,
100567,48468,14,,2/24/2018,7,ETI-OSA,37,Access,Lasaa Billboard,
100568,55131,12,,3/10/2017,1,IKOYI / OBALENDE,38,Eco,Lasaa Billboard,
100569,79485,11,,4/29/2017,3,APAPA,17,Zenith,Mobile,
100570,67307,19,,4/10/2018,8,IKORODU,18,Access,Lasaa Revenue,
100571,27965,1,,4/27/2018,12,MUSHIN,19,Eco,Lasaa Revenue,
100572,66432,10,,5/10/2017,6,OJO,20,Zenith,Lasaa Billboard,
100573,63552,22,,1/3/2018,4,BADAGRY,21,Access,Lasaa Billboard,
100574,40135,16,,2/15/2017,6,IBEJU LEKKI,22,Eco,Lasaa Billboard,
100575,49102,4,,3/9/2018,9,SHOMOLU,23,Zenith,Mobile,
100576,53189,17,,1/9/2018,6,LAGOS MAINLAND,24,Access,Lasaa Revenue,
100577,49743,4,,2/3/2018,2,ALIMOSHO,74,Eco,Lasaa Revenue,
100578,63394,8,,1/2/2017,12,KOSOFE,26,Zenith,Lasaa Billboard,
100579,64434,4,,1/4/2017,3,OSHODI / ISOLO,27,Access,Lasaa Billboard,
100580,73884,6,,1/7/2018,9,LAGOS ISLAND,28,Eco,Lasaa Billboard,
100581,36425,9,,7/24/2016,4,SHOMOLU,29,Zenith,Mobile,
100582,28275,2,,2/13/2016,1,LAGOS MAINLAND,30,Access,Lasaa Revenue,
100583,48099,26,,5/8/2016,3,ALIMOSHO,31,Eco,Lasaa Revenue,
100584,68449,10,,2/17/2016,2,"	IKEJA",92,Zenith,Lasaa Billboard,
100585,66430,15,,1/22/2016,6,LAGOS MAINLAND,33,Access,Lasaa Billboard,
100586,41768,28,,7/20/2016,2,ETI-OSA,34,Eco,Lasaa Billboard,
100587,57845,18,,1/5/2016,3,AGEGE,78,Zenith,Mobile,
100588,35685,20,,1/29/2016,2,AJEROMI- IFELODUN,36,Access,Lasaa Revenue,
100589,62792,5,,6/17/2016,5,AMUWO ODOFIN,37,Eco,Lasaa Revenue,
100590,51171,18,,2/23/2016,8,SURULERE,38,Zenith,Lasaa Billboard,
100591,58847,20,,7/9/2016,2,IBEJU LEKKI,39,Access,Lasaa Billboard,
100592,57739,25,,3/19/2016,12,SHOMOLU,40,Eco,Lasaa Billboard,
100593,64631,23,,1/29/2018,5,LAGOS ISLAND,41,Zenith,Mobile,
100594,503380,13,,6/14/2017,5,LAGOS ISLAND,64,Access,Lasaa Revenue,
100595,67781,6,,5/18/2017,1,LAGOS ISLAND,43,Eco,Lasaa Revenue,
100596,68864,18,,1/30/2018,1,SURULERE,44,Zenith,Lasaa Billboard,
100597,55901,17,,4/25/2018,5,SURULERE,45,Access,Lasaa Billboard,
100598,64775,16,,8/14/2016,6,"	IKEJA",46,Eco,Lasaa Billboard,
100599,67686,5,,9/6/2016,2,"	IKEJA",47,Zenith,Mobile,
100600,57777,20,,10/7/2016,9,APAPA,48,Access,Lasaa Revenue,
100601,46869,17,,11/17/2016,7,AGEGE,49,Eco,Lasaa Revenue,
100602,40927,13,,12/28/2016,12,AJEROMI- IFELODUN,50,Zenith,Lasaa Billboard,
100603,22206,26,,2/18/2016,1,AMUWO ODOFIN,51,Access,Lasaa Billboard,
100604,58920,30,,6/24/2016,1,SURULERE,52,Eco,Lasaa Billboard,
100605,63006,23,,6/20/2016,8,"	IKEJA",53,Zenith,Mobile,
100606,24317,21,,2/14/2016,2,LAGOS MAINLAND,73,Access,Lasaa Revenue,
100607,68349,30,,2/27/2016,12,ETI-OSA,55,Eco,Lasaa Revenue,
100608,66263,8,,5/7/2016,4,IKOYI / OBALENDE,56,Zenith,Lasaa Billboard,
100609,63494,12,,3/16/2016,3,APAPA,57,Access,Lasaa Billboard,
100610,56984,8,,6/26/2016,3,IKORODU,58,Eco,Lasaa Billboard,
100611,51692,4,,7/17/2016,4,MUSHIN,59,Zenith,Mobile,
100612,49911,3,,1/28/2018,7,OJO,87,Access,Lasaa Revenue,
100613,33503,18,,6/16/2017,3,BADAGRY,61,Eco,Lasaa Revenue,
100614,65835,24,,6/19/2018,9,IBEJU LEKKI,62,Zenith,Lasaa Billboard,
100615,66177,18,,5/24/2017,2,SHOMOLU,63,Access,Lasaa Billboard,
100616,51463,7,,3/1/2017,9,LAGOS MAINLAND,64,Eco,Mobile,
100617,41060,15,,1/31/2017,4,ALIMOSHO,65,Zenith,Lasaa Revenue,
100618,61428,9,,4/30/2018,3,KOSOFE,82,Access,Lasaa Revenue,
100619,5150,28,,1/13/2017,2,OSHODI / ISOLO,67,Eco,Lasaa Billboard,
100620,57519,6,,3/30/2018,3,LAGOS ISLAND,68,Zenith,Lasaa Billboard,
100621,52656,20,,4/29/2018,4,SHOMOLU,69,Access,Lasaa Billboard,
100622,52179,20,,6/14/2016,7,LAGOS MAINLAND,70,Eco,Mobile,
100623,46239,27,,7/15/2016,8,ALIMOSHO,71,Zenith,Lasaa Revenue,
100624,48919,30,,3/24/2016,2,"	IKEJA",72,Access,Lasaa Revenue,
100625,65228,29,,4/26/2016,1,LAGOS MAINLAND,73,Eco,Lasaa Revenue,
100626,55002,20,,1/12/2016,3,ETI-OSA,74,Zenith,Lasaa Billboard,
100627,52262,15,,4/9/2016,1,AGEGE,75,Access,Lasaa Billboard,
100628,59448,9,,3/28/2018,1,AJEROMI- IFELODUN,76,Eco,Lasaa Billboard,
100629,47314,17,,6/23/2018,12,AMUWO ODOFIN,77,Zenith,Mobile,
100630,55411,30,,1/24/2018,8,SURULERE,78,Access,Lasaa Revenue,
100631,66504,19,,4/15/2018,5,IBEJU LEKKI,79,Eco,Lasaa Revenue,
100632,47169,16,,4/26/2017,6,SHOMOLU,80,Zenith,Lasaa Billboard,
100633,70890,7,,5/16/2017,6,LAGOS ISLAND,81,Access,Lasaa Billboard,
100634,55359,27,,1/18/2017,5,LAGOS ISLAND,82,Eco,Lasaa Billboard,
100635,56243,24,,6/20/2018,7,LAGOS ISLAND,76,Zenith,Mobile,
100636,45522,28,,7/18/2017,4,SURULERE,84,Access,Lasaa Revenue,
100637,46931,12,,7/1/2018,12,SURULERE,85,Eco,Lasaa Billboard,
100638,55500,24,,3/7/2016,3,"	IKEJA",86,Zenith,Lasaa Billboard,
100639,75805,9,,5/2/2016,3,"	IKEJA",87,Access,Mobile,
100640,40345,11,,7/23/2016,6,APAPA,88,Eco,Lasaa Revenue,
100641,15598,27,,6/12/2016,8,AGEGE,89,Zenith,Lasaa Revenue,
100642,33239,14,,2/15/2016,12,AJEROMI- IFELODUN,90,Access,Lasaa Billboard,
100643,68034,30,,1/23/2016,8,AMUWO ODOFIN,91,Zenith,Lasaa Billboard,
100644,38428,16,,2/26/2016,3,SURULERE,92,Zenith,Lasaa Billboard,
100645,53185,13,,1/11/2016,1,"	IKEJA",93,Zenith,Lasaa Billboard,
100646,39724,26,,4/4/2016,1,LAGOS MAINLAND,94,Zenith,Lasaa Billboard,
100647,43386,22,,1/14/2016,6,ETI-OSA,95,Zenith,Mobile,
100648,53922,17,,4/25/2016,8,IKOYI / OBALENDE,96,Zenith,Lasaa Revenue,
100649,71882,21,,3/5/2016,9,APAPA,97,Zenith,Lasaa Revenue,
100650,47139,9,,1/6/2016,7,IKORODU,98,Zenith,Lasaa Billboard,
100651,6880,25,,2/18/2018,2,MUSHIN,92,Zenith,Lasaa Billboard,
100652,65187,11,,4/16/2017,1,OJO,100,Zenith,Lasaa Billboard,
100653,55424,20,,2/24/2017,7,BADAGRY,101,Zenith,Mobile,
100654,46500,7,,6/29/2018,9,IBEJU LEKKI,102,Zenith,Lasaa Revenue,
100655,58820,16,,1/5/2018,7,SHOMOLU,103,Zenith,Lasaa Revenue,
100656,28495,9,,7/16/2018,3,LAGOS MAINLAND,104,Zenith,Lasaa Billboard,
100657,61840,1,,6/17/2018,12,ALIMOSHO,105,Zenith,Lasaa Billboard,
100658,37908,13,,6/13/2018,3,KOSOFE,106,Zenith,Mobile,
100659,69806,15,,4/5/2018,6,OSHODI / ISOLO,107,Zenith,Lasaa Revenue,
100660,60315,19,,4/17/2018,4,LAGOS ISLAND,108,Zenith,Lasaa Revenue,
100661,67323,15,,2/3/2018,3,SHOMOLU,109,Zenith,Lasaa Billboard,
100662,50055,15,,4/18/2018,1,LAGOS MAINLAND,110,Zenith,Lasaa Billboard,
100663,43574,10,,6/18/2018,9,ALIMOSHO,111,Zenith,Lasaa Billboard,
100664,28187,13,,3/12/2018,5,"	IKEJA",112,Zenith,Mobile,
100665,66412,5,,1/15/2018,9,LAGOS MAINLAND,113,Zenith,Lasaa Revenue,
100666,15879,13,,2/12/2018,1,ETI-OSA,80,Zenith,Lasaa Revenue,
100667,63965,3,,2/16/2018,2,AGEGE,115,Zenith,Lasaa Revenue,
100668,58343,19,,4/4/2016,3,AJEROMI- IFELODUN,116,Zenith,Lasaa Billboard,
100669,33147,24,,4/24/2016,3,AMUWO ODOFIN,117,Zenith,Lasaa Billboard,
100670,65900,18,,5/20/2016,12,SURULERE,118,Zenith,Lasaa Billboard,
100671,64189,21,,5/15/2016,9,IBEJU LEKKI,119,Zenith,Mobile,
100672,58966,1,,1/7/2016,9,SHOMOLU,120,Zenith,Lasaa Revenue,
100673,44078,29,,7/19/2016,4,LAGOS ISLAND,121,Zenith,Lasaa Revenue,
100674,60969,21,,4/4/2016,5,LAGOS ISLAND,122,Zenith,Lasaa Billboard,
100675,65620,30,,6/10/2016,12,LAGOS ISLAND,123,Zenith,Lasaa Billboard,
100676,65497,25,,3/11/2016,9,SURULERE,124,Zenith,Lasaa Billboard,
100677,52462,30,,1/14/2016,3,SURULERE,50,Zenith,Mobile,
100678,70583,8,,6/22/2016,1,"	IKEJA",126,Zenith,Lasaa Revenue,
100679,51816,15,,3/19/2016,7,"	IKEJA",127,Zenith,Lasaa Billboard,
100680,23411,5,,4/15/2016,3,APAPA,128,Zenith,Lasaa Billboard,
100681,62729,3,,3/28/2016,3,AGEGE,129,Zenith,Mobile,
100682,48868,9,,1/22/2016,5,AJEROMI- IFELODUN,130,Zenith,Lasaa Revenue,
100683,50972,20,,6/25/2016,6,AMUWO ODOFIN,131,Zenith,Lasaa Revenue,
100684,67991,5,,3/4/2016,9,SURULERE,132,Zenith,Lasaa Billboard,
100685,43241,24,,6/29/2016,5,"	IKEJA",133,Zenith,Lasaa Billboard,
100686,60083,14,,6/18/2016,4,LAGOS MAINLAND,134,Zenith,Lasaa Billboard,
100687,65181,23,,1/31/2016,5,ETI-OSA,135,Zenith,Lasaa Billboard,
100688,67301,13,,5/22/2016,9,IKOYI / OBALENDE,136,Zenith,Lasaa Billboard,
100689,70701,11,,7/22/2016,7,APAPA,137,Zenith,Mobile,
100690,60998,18,,7/13/2016,12,IKORODU,138,Zenith,Lasaa Revenue,
100691,60806,13,,2/11/2016,1,MUSHIN,139,Zenith,Lasaa Revenue,
100692,50712,6,,3/16/2016,1,OJO,140,Zenith,Lasaa Billboard,
100693,14548,22,,4/25/2016,9,BADAGRY,141,Zenith,Lasaa Billboard,
100694,41336,9,,7/14/2016,8,IBEJU LEKKI,142,Zenith,Lasaa Billboard,
100695,764800,3,,5/30/2016,2,SHOMOLU,143,Zenith,Mobile,
100696,67132,24,,2/14/2016,3,LAGOS MAINLAND,144,Zenith,Lasaa Revenue,
100697,52581,12,,1/23/2017,1,ALIMOSHO,145,Zenith,Lasaa Billboard,
100698,55196,17,,7/18/2017,8,KOSOFE,30,Zenith,Mobile,
100699,48680,6,,2/10/2017,8,OSHODI / ISOLO,147,Zenith,Lasaa Revenue,
100700,63110,2,,1/4/2017,1,LAGOS ISLAND,148,Zenith,Lasaa Revenue,
100701,44490,27,,6/5/2017,4,SHOMOLU,149,Zenith,Lasaa Billboard,
100702,57668,16,,6/1/2017,9,LAGOS MAINLAND,150,Zenith,Lasaa Billboard,
100703,51824,28,,3/6/2017,7,ALIMOSHO,151,Zenith,Lasaa Billboard,
100704,66199,20,,2/26/2017,1,"	IKEJA",152,Zenith,Mobile,
100705,73174,6,,7/13/2017,12,LAGOS MAINLAND,153,Zenith,Lasaa Billboard,
100706,56594,16,,6/29/2017,8,ETI-OSA,154,Zenith,Lasaa Billboard,
100707,31072,2,,3/15/2016,4,AGEGE,155,Zenith,Mobile,
100708,66774,10,,6/11/2016,8,AJEROMI- IFELODUN,156,Zenith,Lasaa Revenue,
100709,72554,25,,7/17/2016,12,AMUWO ODOFIN,157,Zenith,Lasaa Revenue,
100710,43709,22,,2/14/2016,5,SURULERE,158,Zenith,Lasaa Billboard,
100711,48454,5,,5/4/2016,4,IBEJU LEKKI,159,Zenith,Lasaa Billboard,
100712,73414,18,,5/20/2016,9,SHOMOLU,100,Zenith,Lasaa Billboard,
100713,58114,12,,1/26/2017,8,LAGOS ISLAND,161,Zenith,Mobile,
100714,45465,1,,7/7/2017,4,LAGOS ISLAND,162,Zenith,Lasaa Revenue,
100715,50148,17,,1/11/2017,8,LAGOS ISLAND,163,Zenith,Lasaa Revenue,
100716,61005,20,,5/12/2017,2,SURULERE,164,Zenith,Mobile,
100717,53899,4,,2/28/2017,8,SURULERE,165,Zenith,Lasaa Revenue,
100718,59798,4,,5/3/2018,8,"	IKEJA",166,Zenith,Lasaa Revenue,
100719,74623,24,,5/4/2017,8,"	IKEJA",167,Zenith,Lasaa Billboard,
100720,58678,28,,7/23/2016,5,APAPA,168,Zenith,Lasaa Billboard,
100721,62110,8,,3/11/2016,2,AGEGE,169,Zenith,Lasaa Billboard,
100722,60583,2,,2/11/2016,4,AJEROMI- IFELODUN,170,Zenith,Mobile,
100723,65576,16,,7/6/2016,6,AMUWO ODOFIN,171,Zenith,Lasaa Revenue,
100724,73883,9,,3/22/2016,5,SURULERE,172,Zenith,Lasaa Billboard,
100725,50468,22,,5/26/2016,2,"	IKEJA",173,Zenith,Mobile,
100726,51409,20,,6/18/2016,2,LAGOS MAINLAND,174,Zenith,Lasaa Revenue,
100727,60514,8,,3/20/2016,12,ETI-OSA,175,Zenith,Lasaa Revenue,
100728,57196,10,,6/3/2016,2,IKOYI / OBALENDE,176,Zenith,Lasaa Billboard,
100729,52803,27,,2/3/2016,9,APAPA,177,Zenith,Lasaa Billboard,
100730,56570,9,,5/3/2016,3,IKORODU,178,Zenith,Lasaa Billboard,
100731,5100,26,,6/20/2016,12,MUSHIN,100,Zenith,Mobile,
100732,66630,9,,7/10/2016,6,OJO,180,Zenith,Lasaa Revenue,
100733,70185,7,,1/4/2016,8,BADAGRY,181,Zenith,Lasaa Revenue,
100734,43111,17,,4/20/2016,3,IBEJU LEKKI,182,Zenith,Mobile,
100735,56436,7,,1/23/2016,1,SHOMOLU,183,Zenith,Lasaa Revenue,
100736,53224,16,,1/4/2016,1,LAGOS MAINLAND,184,Zenith,Lasaa Revenue,
100737,57180,14,,4/8/2016,7,ALIMOSHO,185,Zenith,Lasaa Billboard,
100738,41521,5,,1/5/2016,7,KOSOFE,186,Zenith,Lasaa Billboard,
100739,73538,9,,3/17/2016,8,OSHODI / ISOLO,187,Zenith,Lasaa Billboard,
100740,63664,12,,6/29/2016,8,LAGOS ISLAND,188,Zenith,Mobile,
100741,61757,19,,5/25/2016,8,SHOMOLU,5,Eco,Lasaa Revenue,
100742,71728,11,,6/17/2016,8,LAGOS MAINLAND,6,Eco,Lasaa Billboard,
100743,72204,30,,4/24/2016,2,ALIMOSHO,7,Eco,Mobile,
100744,50672,19,,3/18/2016,5,"	IKEJA",8,Access,Lasaa Revenue,
100745,47510,27,,4/28/2016,12,LAGOS MAINLAND,9,Access,Lasaa Revenue,
100746,62466,20,,2/12/2016,7,ETI-OSA,10,Access,Lasaa Billboard,
100747,59683,29,,7/11/2016,3,AGEGE,11,Access,Lasaa Billboard,
100748,41097,19,,1/29/2016,8,AJEROMI- IFELODUN,119,Access,Lasaa Billboard,
100749,39800,2,,1/5/2018,5,AMUWO ODOFIN,13,Access,Mobile,
100750,76984,6,,6/20/2018,3,SURULERE,14,Access,Lasaa Revenue,
100751,57877,30,,2/6/2017,7,IBEJU LEKKI,15,Access,Lasaa Revenue,
100752,59048,6,,6/22/2016,3,SHOMOLU,16,Access,Mobile,
100753,72155,1,,4/16/2018,5,LAGOS ISLAND,17,Access,Lasaa Revenue,
100754,65705,4,,1/17/2018,8,LAGOS ISLAND,18,Access,Lasaa Revenue,
100755,72949,18,,7/8/2018,2,LAGOS ISLAND,19,Access,Lasaa Billboard,
100756,73942,24,,3/11/2018,12,SURULERE,20,Access,Lasaa Billboard,
100757,57888,12,,6/10/2018,12,SURULERE,21,Access,Lasaa Billboard,
100758,62464,20,,1/4/2018,7,"	IKEJA",22,Access,Mobile,
100759,42838,19,,1/1/2018,3,"	IKEJA",23,Access,Lasaa Revenue,
100760,43779,16,,7/10/2018,3,APAPA,24,Access,Lasaa Billboard,
100761,711570,5,,3/27/2018,2,AGEGE,25,Access,Mobile,
100762,74160,19,,4/29/2016,6,AJEROMI- IFELODUN,38,Access,Lasaa Revenue,
100763,50334,5,,1/8/2016,8,AMUWO ODOFIN,27,Access,Lasaa Revenue,
100764,33294,19,,6/5/2016,7,SURULERE,28,Access,Lasaa Billboard,
100765,38641,24,,6/29/2016,4,"	IKEJA",29,Access,Lasaa Billboard,
100766,49823,3,,4/24/2016,2,LAGOS MAINLAND,30,Access,Lasaa Billboard,
100767,63891,18,,2/14/2016,4,ETI-OSA,31,Access,Mobile,
100768,43882,9,,6/15/2016,6,IKOYI / OBALENDE,32,Access,Lasaa Revenue,
100769,13997,10,,7/6/2016,5,APAPA,33,Access,Lasaa Revenue,
100770,48761,5,,3/31/2016,2,IKORODU,34,Access,Lasaa Billboard,
100771,69758,30,,6/21/2016,2,MUSHIN,35,Access,Lasaa Billboard,
100772,52530,14,,5/27/2016,7,OJO,36,Zenith,Lasaa Billboard,
100773,58363,22,,1/17/2016,6,BADAGRY,37,Zenith,Mobile,
100774,60576,30,,4/7/2016,10,IBEJU LEKKI,38,Zenith,Lasaa Revenue,
100775,48206,15,,5/2/2016,7,SHOMOLU,39,Zenith,Lasaa Revenue,
100776,31523,19,,6/4/2016,5,LAGOS MAINLAND,40,Zenith,Lasaa Billboard,
100777,66188,4,,4/7/2016,1,ALIMOSHO,41,Zenith,Lasaa Billboard,
100778,69438,19,,6/10/2016,12,KOSOFE,42,Zenith,Mobile,
100779,14776,29,,5/19/2016,2,OSHODI / ISOLO,74,Zenith,Lasaa Revenue,
100780,68017,2,,3/28/2016,8,LAGOS ISLAND,44,Zenith,Lasaa Revenue,
100781,78521,20,,1/21/2016,2,SHOMOLU,45,Zenith,Lasaa Billboard,
100782,31999,29,,3/12/2016,5,LAGOS MAINLAND,46,Zenith,Lasaa Billboard,
100783,56909,15,,6/4/2016,1,ALIMOSHO,47,Zenith,Lasaa Billboard,
100784,61161,3,,5/24/2016,9,"	IKEJA",48,Zenith,Mobile,
100785,52340,3,,3/25/2016,6,LAGOS MAINLAND,49,Zenith,Lasaa Revenue,
100786,47339,20,,4/22/2016,2,ETI-OSA,50,Zenith,Lasaa Revenue,
100787,50950,26,,3/22/2016,9,AGEGE,51,Zenith,Lasaa Billboard,
100788,77144,6,,1/14/2016,1,AJEROMI- IFELODUN,52,Zenith,Lasaa Billboard,
100789,570320,24,,4/14/2016,8,AMUWO ODOFIN,53,Zenith,Lasaa Billboard,
100790,48554,7,,5/31/2016,12,SURULERE,54,Zenith,Lasaa Billboard,
100791,39552,10,,3/17/2016,1,IBEJU LEKKI,55,Zenith,Mobile,
100792,36884,22,,4/13/2016,9,SHOMOLU,56,Zenith,Lasaa Revenue,
100793,68783,28,,2/3/2016,9,LAGOS ISLAND,57,Zenith,Lasaa Revenue,
100794,51120,20,,2/2/2016,6,LAGOS ISLAND,58,Zenith,Lasaa Billboard,
100795,44304,20,,4/7/2016,4,LAGOS ISLAND,59,Zenith,Lasaa Billboard,
100796,69718,26,,3/15/2016,7,SURULERE,84,Zenith,Lasaa Billboard,
100797,63429,10,,3/11/2016,5,SURULERE,61,Zenith,Mobile,
100798,65756,5,,5/17/2018,3,"	IKEJA",62,Zenith,Lasaa Revenue,
100799,77872,10,,2/28/2018,2,"	IKEJA",63,Zenith,Lasaa Revenue,
100800,47259,23,,3/2/2017,8,APAPA,64,Zenith,Lasaa Billboard,
100801,55985,14,,2/27/2018,11,AGEGE,65,Zenith,Lasaa Billboard,
100802,44275,18,,3/14/2017,12,AJEROMI- IFELODUN,66,Zenith,Lasaa Billboard,
100803,25767,21,,3/10/2017,8,AMUWO ODOFIN,67,Zenith,Lasaa Billboard,
100804,37605,8,,5/1/2017,4,SURULERE,68,Zenith,Mobile,
100805,25739,27,,6/12/2017,2,"	IKEJA",69,Zenith,Lasaa Revenue,
100806,60188,29,,5/28/2017,1,LAGOS MAINLAND,70,Zenith,Lasaa Revenue,
100807,67682,10,,3/18/2017,4,ETI-OSA,71,Zenith,Lasaa Billboard,
100808,44307,6,,5/26/2017,9,IKOYI / OBALENDE,72,Zenith,Lasaa Billboard,
100809,25372,19,,7/6/2017,7,APAPA,73,Zenith,Lasaa Billboard,
100810,23943,20,,4/29/2016,9,IKORODU,74,Zenith,Mobile,
100811,50667,28,,3/5/2016,1,MUSHIN,75,Zenith,Lasaa Revenue,
100812,50356,29,,5/30/2016,3,OJO,76,Zenith,Lasaa Revenue,
100813,63937,2,,4/10/2016,12,BADAGRY,77,Zenith,Lasaa Billboard,
100814,69874,6,,1/20/2016,7,IBEJU LEKKI,78,Zenith,Lasaa Billboard,
100815,50039,12,,7/20/2016,8,SHOMOLU,79,Zenith,Lasaa Billboard,
100816,670,2,,1/17/2016,3,LAGOS MAINLAND,80,Zenith,Mobile,
100817,54645,13,,2/24/2016,1,ALIMOSHO,81,Zenith,Lasaa Revenue,
100818,46780,23,,3/26/2016,6,KOSOFE,82,Zenith,Lasaa Revenue,
100819,67432,25,,6/4/2016,8,OSHODI / ISOLO,83,Zenith,Lasaa Billboard,
100820,73392,5,,4/22/2016,9,LAGOS ISLAND,84,Zenith,Lasaa Billboard,
100821,47682,26,,3/31/2016,6,SHOMOLU,85,Zenith,Lasaa Billboard,
100822,56736,22,,4/16/2016,7,LAGOS MAINLAND,74,Zenith,Mobile,
100823,51013,10,,5/12/2016,2,ALIMOSHO,87,Zenith,Lasaa Revenue,
100824,69482,27,,5/7/2016,5,"	IKEJA",88,Zenith,Lasaa Revenue,
100825,67033,15,,6/25/2016,12,LAGOS MAINLAND,89,Zenith,Mobile,
100826,68717,22,,3/23/2016,10,ETI-OSA,90,Zenith,Lasaa Revenue,
100827,59341,4,,3/4/2016,2,AGEGE,91,Zenith,Lasaa Revenue,
100828,47968,19,,6/14/2016,4,AJEROMI- IFELODUN,92,Zenith,Lasaa Billboard,
100829,48759,27,,5/11/2018,3,AMUWO ODOFIN,93,Zenith,Lasaa Billboard,
100830,61230,6,,1/21/2018,2,SURULERE,94,Zenith,Lasaa Billboard,
100831,54756,1,,1/15/2018,9,IBEJU LEKKI,95,Zenith,Mobile,
100832,54325,28,,4/23/2016,1,SHOMOLU,96,Zenith,Lasaa Revenue,
100833,52177,14,,5/23/2018,6,LAGOS ISLAND,97,Zenith,Lasaa Revenue,
100834,51163,11,,2/27/2017,4,LAGOS ISLAND,98,Zenith,Lasaa Billboard,
100835,66862,5,,2/23/2017,3,LAGOS ISLAND,99,Zenith,Lasaa Billboard,
100836,63108,29,,3/17/2017,1,SURULERE,100,Zenith,Lasaa Billboard,
100837,49206,22,,2/28/2017,7,SURULERE,101,Zenith,Mobile,
100838,55942,29,,3/15/2017,8,"	IKEJA",102,Zenith,Mobile,
100839,33602,18,,3/3/2017,8,"	IKEJA",103,Zenith,Lasaa Revenue,
100840,48867,29,,4/6/2016,12,APAPA,85,Access,Lasaa Revenue,
100841,56683,27,,5/1/2016,8,AGEGE,105,Zenith,Lasaa Billboard,
100842,38261,21,,5/30/2016,2,AJEROMI- IFELODUN,106,Zenith,Lasaa Billboard,
100843,54106,19,,4/4/2016,4,AMUWO ODOFIN,107,Eco,Lasaa Billboard,
100844,71055,12,,4/6/2016,4,SURULERE,108,Eco,Mobile,
100845,46403,16,,4/26/2016,4,"	IKEJA",109,Eco,Lasaa Revenue,
100846,61691,5,,5/25/2016,6,LAGOS MAINLAND,110,Eco,Lasaa Revenue,
100847,26131,17,,2/11/2016,12,ETI-OSA,111,Eco,Lasaa Billboard,
100848,58639,24,,1/30/2016,7,IKOYI / OBALENDE,112,Eco,Lasaa Billboard,
100849,47357,20,,7/12/2016,2,APAPA,113,Eco,Lasaa Billboard,
100850,50086,13,,4/23/2016,2,IKORODU,114,Eco,Mobile,
100851,51773,2,,4/16/2016,8,MUSHIN,115,Eco,Mobile,
100852,47638,13,,3/11/2016,3,OJO,116,Eco,Lasaa Revenue,
100853,38987,11,,3/2/2016,12,BADAGRY,117,Eco,Lasaa Revenue,
100854,51363,18,,7/13/2016,3,IBEJU LEKKI,118,Eco,Lasaa Billboard,
100855,35764,7,,5/29/2016,7,SHOMOLU,84,Eco,Lasaa Billboard,
100856,62940,1,,5/10/2016,4,LAGOS MAINLAND,120,Eco,Lasaa Billboard,
100857,58777,7,,5/7/2016,3,ALIMOSHO,121,Eco,Mobile,
100858,59106,12,,1/17/2016,7,KOSOFE,122,Eco,Lasaa Revenue,
100859,50457,21,,3/9/2016,7,OSHODI / ISOLO,123,Eco,Lasaa Revenue,
100860,54252,5,,4/5/2016,9,LAGOS ISLAND,124,Eco,Lasaa Billboard,
100861,51920,23,,4/1/2016,3,SHOMOLU,125,Eco,Lasaa Billboard,
100862,70325,19,,2/15/2016,6,LAGOS MAINLAND,126,Eco,Lasaa Billboard,
100863,52416,9,,3/8/2016,9,ALIMOSHO,127,Eco,Mobile,
100864,66217,24,,2/9/2016,3,"	IKEJA",128,Eco,Lasaa Revenue,
100865,60939,14,,6/17/2016,7,LAGOS MAINLAND,129,Eco,Lasaa Revenue,
100866,40244,2,,6/1/2016,12,ETI-OSA,130,Eco,Lasaa Billboard,
100867,60152,13,,2/26/2016,6,AGEGE,131,Eco,Lasaa Billboard,
100868,45946,6,,3/11/2016,4,AJEROMI- IFELODUN,132,Eco,Lasaa Billboard,
100869,63430,11,,4/28/2016,5,AMUWO ODOFIN,133,Eco,Mobile,
100870,65883,26,,4/12/2016,4,SURULERE,134,Eco,Lasaa Revenue,
100871,64411,6,,2/10/2017,11,IBEJU LEKKI,89,Eco,Lasaa Revenue,
100872,55677,16,,5/1/2017,2,SHOMOLU,136,Eco,Lasaa Billboard,
100873,75561,9,,3/24/2016,12,LAGOS ISLAND,137,Eco,Lasaa Billboard,
100874,61068,21,,4/22/2016,5,LAGOS ISLAND,138,Eco,Lasaa Billboard,
100875,72331,10,,3/9/2016,7,LAGOS ISLAND,139,Eco,Mobile,
100876,32550,26,,3/30/2016,6,SURULERE,140,Eco,Lasaa Revenue,
100877,51257,18,,1/24/2016,4,SURULERE,141,Eco,Lasaa Revenue,
100878,77220,28,,7/15/2016,4,"	IKEJA",142,Eco,Lasaa Billboard,
100879,52521,10,,6/7/2016,3,"	IKEJA",143,Eco,Lasaa Billboard,
100880,59422,19,,5/31/2016,12,APAPA,144,Eco,Lasaa Billboard,
100881,22456,18,,5/14/2016,4,AGEGE,145,Eco,Mobile,
100882,58444,4,,1/10/2016,3,AJEROMI- IFELODUN,146,Eco,Lasaa Revenue,
100883,50821,3,,2/21/2016,8,AMUWO ODOFIN,147,Eco,Lasaa Revenue,
100884,67575,4,,5/23/2016,3,SURULERE,148,Eco,Lasaa Billboard,
100885,66523,12,,7/21/2016,4,"	IKEJA",149,Eco,Lasaa Billboard,
100886,34904,5,,5/15/2016,6,LAGOS MAINLAND,150,Eco,Lasaa Billboard,
100887,43074,30,,6/30/2016,1,ETI-OSA,151,Eco,Mobile,
100888,57595,6,,2/24/2016,1,IKOYI / OBALENDE,152,Eco,Lasaa Revenue,
100889,66027,21,,5/30/2016,6,APAPA,90,Eco,Lasaa Revenue,
100890,53013,6,,6/2/2016,6,IKORODU,154,Eco,Lasaa Billboard,
100891,61118,19,,4/18/2016,4,MUSHIN,155,Eco,Lasaa Billboard,
100892,52563,1,,2/29/2016,9,OJO,156,Eco,Lasaa Billboard,
100893,6570,20,,5/27/2016,5,BADAGRY,157,Eco,Mobile,
100894,50506,26,,1/12/2016,9,IBEJU LEKKI,158,Eco,Lasaa Revenue,
100895,66263,16,,1/27/2016,7,SHOMOLU,159,Eco,Lasaa Revenue,
100896,35522,16,,6/10/2016,5,LAGOS MAINLAND,160,Eco,Lasaa Billboard,
100897,62431,6,,4/9/2016,5,ALIMOSHO,161,Eco,Lasaa Billboard,
100898,49597,29,,2/26/2016,12,KOSOFE,162,Eco,Lasaa Billboard,
100899,42079,2,,2/21/2016,8,OSHODI / ISOLO,163,Eco,Mobile,
100900,46198,15,,4/29/2016,8,LAGOS ISLAND,164,Eco,Lasaa Revenue,
100901,49957,5,,2/11/2016,9,SHOMOLU,165,Eco,Lasaa Revenue,
100902,24079,19,,7/22/2016,7,LAGOS MAINLAND,166,Eco,Lasaa Billboard,
100903,53648,8,,6/26/2016,8,ALIMOSHO,167,Eco,Lasaa Billboard,
100904,61039,24,,5/14/2016,7,"	IKEJA",168,Eco,Lasaa Billboard,
100905,46974,27,,5/24/2016,12,LAGOS MAINLAND,169,Eco,Mobile,
100906,53043,22,,2/16/2016,5,ETI-OSA,170,Eco,Lasaa Revenue,
100907,48826,9,,3/20/2016,8,AGEGE,50,Eco,Lasaa Revenue,
100908,58288,4,,1/31/2016,9,AJEROMI- IFELODUN,172,Eco,Lasaa Billboard,
100909,21773,9,,4/1/2016,7,AMUWO ODOFIN,173,Eco,Lasaa Billboard,
100910,52253,29,,2/25/2016,3,SURULERE,174,Eco,Lasaa Billboard,
100911,27073,10,,3/21/2016,3,IBEJU LEKKI,175,Eco,Mobile,
100912,50628,8,,2/12/2016,1,SHOMOLU,176,Eco,Lasaa Revenue,
100913,36914,14,,6/1/2016,6,LAGOS ISLAND,177,Eco,Lasaa Revenue,
100914,61009,29,,6/16/2016,7,LAGOS ISLAND,178,Eco,Lasaa Billboard,
100915,53042,25,,3/26/2016,12,LAGOS ISLAND,179,Eco,Lasaa Billboard,
100916,40183,23,,2/16/2016,3,SURULERE,180,Eco,Lasaa Billboard,
100917,59420,26,,2/28/2016,4,SURULERE,181,Eco,Mobile,
100918,58235,7,,5/18/2016,4,"	IKEJA",182,Eco,Lasaa Revenue,
100919,68324,27,,2/21/2016,4,"	IKEJA",183,Eco,Lasaa Revenue,
100920,69646,26,,1/5/2016,6,APAPA,184,Eco,Lasaa Billboard,
100921,54045,27,,5/18/2016,1,AGEGE,185,Eco,Lasaa Billboard,
100922,57806,29,,3/6/2016,1,AJEROMI- IFELODUN,186,Eco,Lasaa Billboard,
100923,53337,16,,5/19/2016,3,AMUWO ODOFIN,187,Eco,Mobile,
100924,50491,8,,4/29/2016,3,SURULERE,188,Eco,Lasaa Revenue,
100925,71456,21,,5/3/2016,9,"	IKEJA",189,Eco,Lasaa Revenue,
100926,43242,6,,6/27/2016,3,LAGOS MAINLAND,6,Eco,Lasaa Billboard,
100927,5890,12,,2/8/2016,11,ETI-OSA,170,Eco,Lasaa Billboard,
100928,36834,20,,2/22/2016,4,IKOYI / OBALENDE,8,Eco,Lasaa Billboard,
100929,66345,30,,3/21/2016,5,APAPA,9,Eco,Mobile,
100930,38645,15,,5/31/2016,6,IKORODU,10,Eco,Lasaa Revenue,
100931,60803,15,,1/1/2016,2,MUSHIN,11,Eco,Lasaa Revenue,
100932,33554,16,,5/27/2016,9,OJO,12,Eco,Mobile,
100933,63071,13,,5/9/2016,4,BADAGRY,13,Eco,Lasaa Revenue,
100934,46737,17,,6/27/2016,8,IBEJU LEKKI,14,Eco,Lasaa Revenue,
100935,55369,19,,6/3/2016,11,SHOMOLU,15,Eco,Lasaa Billboard,
100936,68306,16,,2/24/2016,9,LAGOS MAINLAND,16,Eco,Lasaa Billboard,
100937,39211,6,,3/5/2016,2,ALIMOSHO,17,Eco,Lasaa Billboard,
100938,65957,14,,1/15/2016,2,KOSOFE,18,Eco,Mobile,
100939,40159,9,,2/12/2016,5,OSHODI / ISOLO,19,Eco,Lasaa Revenue,
100940,40479,24,,2/19/2016,11,LAGOS ISLAND,20,Eco,Lasaa Revenue,
100941,40469,27,,3/12/2016,8,SHOMOLU,21,Eco,Lasaa Billboard,
100942,66980,10,,7/23/2016,4,LAGOS MAINLAND,22,Eco,Lasaa Billboard,
100943,34942,28,,3/6/2016,4,ALIMOSHO,23,Eco,Lasaa Revenue,
100944,48335,11,,2/24/2016,9,"	IKEJA",85,Eco,Lasaa Billboard,
100945,42252,17,,2/17/2016,9,LAGOS MAINLAND,25,Eco,Lasaa Billboard,
100946,57330,5,,2/2/2016,5,ETI-OSA,26,Eco,Lasaa Billboard,
100947,75770,26,,1/27/2016,5,AGEGE,27,Eco,Mobile,
100948,51813,22,,5/24/2016,4,AJEROMI- IFELODUN,28,Eco,Lasaa Revenue,
100949,75266,13,,2/8/2016,7,AMUWO ODOFIN,29,Eco,Lasaa Revenue,
100950,69868,5,,2/12/2016,3,SURULERE,30,Eco,Lasaa Billboard,
100951,7280,28,,1/11/2016,6,IBEJU LEKKI,31,Eco,Lasaa Billboard,
100952,39193,29,,3/3/2016,6,SHOMOLU,32,Eco,Lasaa Billboard,
100953,18369,24,,5/30/2016,11,LAGOS ISLAND,33,Eco,Mobile,
100954,56130,12,,4/22/2016,1,LAGOS ISLAND,34,Eco,Lasaa Revenue,
100955,58997,17,,5/25/2016,11,LAGOS ISLAND,35,Eco,Lasaa Revenue,
100956,41548,20,,2/4/2016,5,SURULERE,36,Eco,Lasaa Billboard,
100957,59240,9,,2/21/2016,2,SURULERE,37,Eco,Lasaa Billboard,
100958,56725,17,,4/28/2016,4,"	IKEJA",38,Eco,Lasaa Billboard,
100959,55764,18,,5/18/2016,1,"	IKEJA",39,Eco,Mobile,
100960,64236,25,,2/17/2016,7,APAPA,40,Eco,Lasaa Revenue,
100961,39939,6,,6/19/2016,7,AGEGE,41,Eco,Lasaa Revenue,
100962,63320,10,,2/20/2016,7,AJEROMI- IFELODUN,42,Eco,Lasaa Billboard,
100963,54726,12,,1/22/2016,1,AMUWO ODOFIN,43,Eco,Lasaa Billboard,
100964,69776,2,,2/19/2016,1,SURULERE,44,Eco,Lasaa Billboard,
100965,57546,13,,1/3/2016,4,"	IKEJA",45,Eco,Mobile,
100966,47051,22,,1/3/2016,11,LAGOS MAINLAND,46,Eco,Lasaa Revenue,
100967,51600,11,,4/13/2016,7,ETI-OSA,47,Eco,Lasaa Revenue,
100968,68358,5,,1/1/2016,1,IKOYI / OBALENDE,48,Eco,Lasaa Billboard,
100969,35349,13,,3/27/2016,4,APAPA,49,Eco,Lasaa Billboard,
100970,69785,14,,7/10/2016,5,IKORODU,50,Eco,Lasaa Billboard,
100971,50760,18,,6/25/2016,10,MUSHIN,51,Eco,Mobile,
100972,34418,27,,1/27/2016,5,OJO,52,Eco,Lasaa Revenue,
100973,20593,22,,5/16/2016,4,BADAGRY,64,Eco,Lasaa Revenue,
100974,63529,14,,2/27/2016,1,IBEJU LEKKI,54,Eco,Lasaa Billboard,
100975,44218,5,,2/28/2016,11,SHOMOLU,55,Eco,Lasaa Billboard,
100976,47930,30,,6/13/2016,5,LAGOS MAINLAND,56,Eco,Lasaa Billboard,
100977,46024,29,,5/5/2016,8,ALIMOSHO,57,Eco,Mobile,
100978,51900,15,,7/7/2016,1,KOSOFE,58,Eco,Lasaa Revenue,
100979,72189,18,,5/24/2016,7,OSHODI / ISOLO,59,Eco,Lasaa Revenue,
100980,56975,5,,3/30/2016,9,LAGOS ISLAND,60,Eco,Lasaa Billboard,
100981,25683,16,,5/27/2016,6,SHOMOLU,61,Eco,Lasaa Revenue,
100982,41885,14,,1/3/2016,5,LAGOS MAINLAND,62,Eco,Lasaa Billboard,
100983,72196,4,,6/25/2016,3,ALIMOSHO,63,Eco,Lasaa Billboard,
100984,54429,23,,2/24/2016,11,"	IKEJA",64,Eco,Lasaa Billboard,
100985,58038,1,,3/3/2016,4,LAGOS MAINLAND,65,Eco,Mobile,
100986,64011,15,,4/21/2016,7,ETI-OSA,66,Eco,Lasaa Revenue,
100987,59967,2,,4/6/2016,5,AGEGE,67,Eco,Lasaa Revenue,
100988,43155,30,,3/23/2016,8,AJEROMI- IFELODUN,68,Eco,Lasaa Billboard,
100989,51501,14,,2/17/2016,11,AMUWO ODOFIN,69,Eco,Lasaa Billboard,
100990,55188,19,,6/26/2016,5,SURULERE,70,Eco,Lasaa Billboard,
100991,33813,24,,4/20/2016,7,IBEJU LEKKI,71,Eco,Mobile,
100992,36497,3,,7/21/2016,6,SHOMOLU,72,Eco,Lasaa Revenue,
100993,66194,1,,3/6/2016,3,LAGOS ISLAND,73,Eco,Lasaa Billboard,
100994,66201,2,,2/11/2016,2,LAGOS ISLAND,74,Eco,Lasaa Billboard,
100995,63127,15,,4/4/2016,2,LAGOS ISLAND,75,Eco,Mobile,
100996,71385,22,,2/11/2016,5,SURULERE,76,Eco,Lasaa Revenue,
100997,67782,19,,4/22/2016,2,SURULERE,77,Eco,Lasaa Revenue,
100998,42410,30,,2/1/2016,5,"	IKEJA",78,Eco,Lasaa Billboard,
100999,41921,2,,3/24/2016,11,"	IKEJA",79,Eco,Lasaa Billboard,
101000,29876,29,,6/3/2018,12,APAPA,80,Eco,Lasaa Billboard,
